  Pacman-Copy.cpp
  Pacman-master.cpp
C:\Users\Administrator\Desktop\Alex\PacMan\Pacman-Copy.cpp(1,1): warning C4828: 파일에 0x327 오프셋에서 시작하는 문자가 포함되어 있습니다. 이 문자는 현재 원본 문자 집합에서 잘못된 문자입니다(코드 페이지 65001).
C:\Users\Administrator\Desktop\Alex\PacMan\Pacman-Copy.cpp(1,1): warning C4828: 파일에 0x328 오프셋에서 시작하는 문자가 포함되어 있습니다. 이 문자는 현재 원본 문자 집합에서 잘못된 문자입니다(코드 페이지 65001).
C:\Users\Administrator\Desktop\Alex\PacMan\Pacman-Copy.cpp(1,1): warning C4828: 파일에 0x32a 오프셋에서 시작하는 문자가 포함되어 있습니다. 이 문자는 현재 원본 문자 집합에서 잘못된 문자입니다(코드 페이지 65001).
C:\Users\Administrator\Desktop\Alex\PacMan\Pacman-Copy.cpp(1,1): warning C4828: 파일에 0x32b 오프셋에서 시작하는 문자가 포함되어 있습니다. 이 문자는 현재 원본 문자 집합에서 잘못된 문자입니다(코드 페이지 65001).
C:\Users\Administrator\Desktop\Alex\PacMan\Pacman-Copy.cpp(1,1): warning C4828: 파일에 0x32c 오프셋에서 시작하는 문자가 포함되어 있습니다. 이 문자는 현재 원본 문자 집합에서 잘못된 문자입니다(코드 페이지 65001).
C:\Users\Administrator\Desktop\Alex\PacMan\Pacman-Copy.cpp(1,1): warning C4828: 파일에 0x32d 오프셋에서 시작하는 문자가 포함되어 있습니다. 이 문자는 현재 원본 문자 집합에서 잘못된 문자입니다(코드 페이지 65001).
C:\Users\Administrator\Desktop\Alex\PacMan\Pacman-Copy.cpp(1,1): warning C4828: 파일에 0x452 오프셋에서 시작하는 문자가 포함되어 있습니다. 이 문자는 현재 원본 문자 집합에서 잘못된 문자입니다(코드 페이지 65001).
C:\Users\Administrator\Desktop\Alex\PacMan\Pacman-Copy.cpp(1,1): warning C4828: 파일에 0x453 오프셋에서 시작하는 문자가 포함되어 있습니다. 이 문자는 현재 원본 문자 집합에서 잘못된 문자입니다(코드 페이지 65001).
C:\Users\Administrator\Desktop\Alex\PacMan\Pacman-Copy.cpp(1,1): warning C4828: 파일에 0x457 오프셋에서 시작하는 문자가 포함되어 있습니다. 이 문자는 현재 원본 문자 집합에서 잘못된 문자입니다(코드 페이지 65001).
C:\Users\Administrator\Desktop\Alex\PacMan\Pacman-Copy.cpp(1,1): warning C4828: 파일에 0x458 오프셋에서 시작하는 문자가 포함되어 있습니다. 이 문자는 현재 원본 문자 집합에서 잘못된 문자입니다(코드 페이지 65001).
C:\Users\Administrator\Desktop\Alex\PacMan\Pacman-Copy.cpp(1,1): warning C4828: 파일에 0x45a 오프셋에서 시작하는 문자가 포함되어 있습니다. 이 문자는 현재 원본 문자 집합에서 잘못된 문자입니다(코드 페이지 65001).
C:\Users\Administrator\Desktop\Alex\PacMan\Pacman-Copy.cpp(1,1): warning C4828: 파일에 0x45c 오프셋에서 시작하는 문자가 포함되어 있습니다. 이 문자는 현재 원본 문자 집합에서 잘못된 문자입니다(코드 페이지 65001).
C:\Users\Administrator\Desktop\Alex\PacMan\Pacman-Copy.cpp(1,1): warning C4828: 파일에 0x45d 오프셋에서 시작하는 문자가 포함되어 있습니다. 이 문자는 현재 원본 문자 집합에서 잘못된 문자입니다(코드 페이지 65001).
C:\Users\Administrator\Desktop\Alex\PacMan\Pacman-Copy.cpp(1,1): warning C4828: 파일에 0x45e 오프셋에서 시작하는 문자가 포함되어 있습니다. 이 문자는 현재 원본 문자 집합에서 잘못된 문자입니다(코드 페이지 65001).
C:\Users\Administrator\Desktop\Alex\PacMan\Pacman-Copy.cpp(1,1): warning C4828: 파일에 0x461 오프셋에서 시작하는 문자가 포함되어 있습니다. 이 문자는 현재 원본 문자 집합에서 잘못된 문자입니다(코드 페이지 65001).
C:\Users\Administrator\Desktop\Alex\PacMan\Pacman-Copy.cpp(1,1): warning C4828: 파일에 0x462 오프셋에서 시작하는 문자가 포함되어 있습니다. 이 문자는 현재 원본 문자 집합에서 잘못된 문자입니다(코드 페이지 65001).
C:\Users\Administrator\Desktop\Alex\PacMan\Pacman-Copy.cpp(1,1): warning C4828: 파일에 0x463 오프셋에서 시작하는 문자가 포함되어 있습니다. 이 문자는 현재 원본 문자 집합에서 잘못된 문자입니다(코드 페이지 65001).
C:\Users\Administrator\Desktop\Alex\PacMan\Pacman-Copy.cpp(1,1): warning C4828: 파일에 0x465 오프셋에서 시작하는 문자가 포함되어 있습니다. 이 문자는 현재 원본 문자 집합에서 잘못된 문자입니다(코드 페이지 65001).
C:\Users\Administrator\Desktop\Alex\PacMan\Pacman-Copy.cpp(1,1): warning C4828: 파일에 0x466 오프셋에서 시작하는 문자가 포함되어 있습니다. 이 문자는 현재 원본 문자 집합에서 잘못된 문자입니다(코드 페이지 65001).
C:\Users\Administrator\Desktop\Alex\PacMan\Pacman-Copy.cpp(1,1): warning C4828: 파일에 0x467 오프셋에서 시작하는 문자가 포함되어 있습니다. 이 문자는 현재 원본 문자 집합에서 잘못된 문자입니다(코드 페이지 65001).
C:\Users\Administrator\Desktop\Alex\PacMan\Pacman-Copy.cpp(1,1): warning C4828: 파일에 0x468 오프셋에서 시작하는 문자가 포함되어 있습니다. 이 문자는 현재 원본 문자 집합에서 잘못된 문자입니다(코드 페이지 65001).
C:\Users\Administrator\Desktop\Alex\PacMan\Pacman-Copy.cpp(1,1): warning C4828: 파일에 0x4fe 오프셋에서 시작하는 문자가 포함되어 있습니다. 이 문자는 현재 원본 문자 집합에서 잘못된 문자입니다(코드 페이지 65001).
C:\Users\Administrator\Desktop\Alex\PacMan\Pacman-Copy.cpp(1,1): warning C4828: 파일에 0x500 오프셋에서 시작하는 문자가 포함되어 있습니다. 이 문자는 현재 원본 문자 집합에서 잘못된 문자입니다(코드 페이지 65001).
C:\Users\Administrator\Desktop\Alex\PacMan\Pacman-Copy.cpp(1,1): warning C4828: 파일에 0x501 오프셋에서 시작하는 문자가 포함되어 있습니다. 이 문자는 현재 원본 문자 집합에서 잘못된 문자입니다(코드 페이지 65001).
C:\Users\Administrator\Desktop\Alex\PacMan\Pacman-Copy.cpp(1,1): warning C4828: 파일에 0x502 오프셋에서 시작하는 문자가 포함되어 있습니다. 이 문자는 현재 원본 문자 집합에서 잘못된 문자입니다(코드 페이지 65001).
C:\Users\Administrator\Desktop\Alex\PacMan\Pacman-Copy.cpp(1,1): warning C4828: 파일에 0x503 오프셋에서 시작하는 문자가 포함되어 있습니다. 이 문자는 현재 원본 문자 집합에서 잘못된 문자입니다(코드 페이지 65001).
C:\Users\Administrator\Desktop\Alex\PacMan\Pacman-Copy.cpp(1,1): warning C4828: 파일에 0x505 오프셋에서 시작하는 문자가 포함되어 있습니다. 이 문자는 현재 원본 문자 집합에서 잘못된 문자입니다(코드 페이지 65001).
C:\Users\Administrator\Desktop\Alex\PacMan\Pacman-Copy.cpp(1,1): warning C4828: 파일에 0x506 오프셋에서 시작하는 문자가 포함되어 있습니다. 이 문자는 현재 원본 문자 집합에서 잘못된 문자입니다(코드 페이지 65001).
C:\Users\Administrator\Desktop\Alex\PacMan\Pacman-Copy.cpp(1,1): warning C4828: 파일에 0x508 오프셋에서 시작하는 문자가 포함되어 있습니다. 이 문자는 현재 원본 문자 집합에서 잘못된 문자입니다(코드 페이지 65001).
C:\Users\Administrator\Desktop\Alex\PacMan\Pacman-Copy.cpp(1,1): warning C4828: 파일에 0x50a 오프셋에서 시작하는 문자가 포함되어 있습니다. 이 문자는 현재 원본 문자 집합에서 잘못된 문자입니다(코드 페이지 65001).
C:\Users\Administrator\Desktop\Alex\PacMan\Pacman-Copy.cpp(1,1): warning C4828: 파일에 0x50b 오프셋에서 시작하는 문자가 포함되어 있습니다. 이 문자는 현재 원본 문자 집합에서 잘못된 문자입니다(코드 페이지 65001).
C:\Users\Administrator\Desktop\Alex\PacMan\Pacman-Copy.cpp(1,1): warning C4828: 파일에 0x581 오프셋에서 시작하는 문자가 포함되어 있습니다. 이 문자는 현재 원본 문자 집합에서 잘못된 문자입니다(코드 페이지 65001).
C:\Users\Administrator\Desktop\Alex\PacMan\Pacman-Copy.cpp(1,1): warning C4828: 파일에 0x582 오프셋에서 시작하는 문자가 포함되어 있습니다. 이 문자는 현재 원본 문자 집합에서 잘못된 문자입니다(코드 페이지 65001).
C:\Users\Administrator\Desktop\Alex\PacMan\Pacman-Copy.cpp(1,1): warning C4828: 파일에 0x584 오프셋에서 시작하는 문자가 포함되어 있습니다. 이 문자는 현재 원본 문자 집합에서 잘못된 문자입니다(코드 페이지 65001).
C:\Users\Administrator\Desktop\Alex\PacMan\Pacman-Copy.cpp(1,1): warning C4828: 파일에 0x586 오프셋에서 시작하는 문자가 포함되어 있습니다. 이 문자는 현재 원본 문자 집합에서 잘못된 문자입니다(코드 페이지 65001).
C:\Users\Administrator\Desktop\Alex\PacMan\Pacman-Copy.cpp(1,1): warning C4828: 파일에 0x587 오프셋에서 시작하는 문자가 포함되어 있습니다. 이 문자는 현재 원본 문자 집합에서 잘못된 문자입니다(코드 페이지 65001).
C:\Users\Administrator\Desktop\Alex\PacMan\Pacman-Copy.cpp(1,1): warning C4828: 파일에 0x58b 오프셋에서 시작하는 문자가 포함되어 있습니다. 이 문자는 현재 원본 문자 집합에서 잘못된 문자입니다(코드 페이지 65001).
C:\Users\Administrator\Desktop\Alex\PacMan\Pacman-Copy.cpp(1,1): warning C4828: 파일에 0x58c 오프셋에서 시작하는 문자가 포함되어 있습니다. 이 문자는 현재 원본 문자 집합에서 잘못된 문자입니다(코드 페이지 65001).
C:\Users\Administrator\Desktop\Alex\PacMan\Pacman-Copy.cpp(1,1): warning C4828: 파일에 0x58e 오프셋에서 시작하는 문자가 포함되어 있습니다. 이 문자는 현재 원본 문자 집합에서 잘못된 문자입니다(코드 페이지 65001).
C:\Users\Administrator\Desktop\Alex\PacMan\Pacman-Copy.cpp(1,1): warning C4828: 파일에 0x58f 오프셋에서 시작하는 문자가 포함되어 있습니다. 이 문자는 현재 원본 문자 집합에서 잘못된 문자입니다(코드 페이지 65001).
C:\Users\Administrator\Desktop\Alex\PacMan\Pacman-Copy.cpp(1,1): warning C4828: 파일에 0x590 오프셋에서 시작하는 문자가 포함되어 있습니다. 이 문자는 현재 원본 문자 집합에서 잘못된 문자입니다(코드 페이지 65001).
C:\Users\Administrator\Desktop\Alex\PacMan\Pacman-Copy.cpp(1,1): warning C4828: 파일에 0x592 오프셋에서 시작하는 문자가 포함되어 있습니다. 이 문자는 현재 원본 문자 집합에서 잘못된 문자입니다(코드 페이지 65001).
C:\Users\Administrator\Desktop\Alex\PacMan\Pacman-Copy.cpp(1,1): warning C4828: 파일에 0x593 오프셋에서 시작하는 문자가 포함되어 있습니다. 이 문자는 현재 원본 문자 집합에서 잘못된 문자입니다(코드 페이지 65001).
C:\Users\Administrator\Desktop\Alex\PacMan\Pacman-Copy.cpp(1,1): warning C4828: 파일에 0x599 오프셋에서 시작하는 문자가 포함되어 있습니다. 이 문자는 현재 원본 문자 집합에서 잘못된 문자입니다(코드 페이지 65001).
C:\Users\Administrator\Desktop\Alex\PacMan\Pacman-Copy.cpp(1,1): warning C4828: 파일에 0x59b 오프셋에서 시작하는 문자가 포함되어 있습니다. 이 문자는 현재 원본 문자 집합에서 잘못된 문자입니다(코드 페이지 65001).
C:\Users\Administrator\Desktop\Alex\PacMan\Pacman-Copy.cpp(1,1): warning C4828: 파일에 0x59c 오프셋에서 시작하는 문자가 포함되어 있습니다. 이 문자는 현재 원본 문자 집합에서 잘못된 문자입니다(코드 페이지 65001).
C:\Users\Administrator\Desktop\Alex\PacMan\Pacman-Copy.cpp(1,1): warning C4828: 파일에 0x5a0 오프셋에서 시작하는 문자가 포함되어 있습니다. 이 문자는 현재 원본 문자 집합에서 잘못된 문자입니다(코드 페이지 65001).
C:\Users\Administrator\Desktop\Alex\PacMan\Pacman-Copy.cpp(1,1): warning C4828: 파일에 0x5a3 오프셋에서 시작하는 문자가 포함되어 있습니다. 이 문자는 현재 원본 문자 집합에서 잘못된 문자입니다(코드 페이지 65001).
C:\Users\Administrator\Desktop\Alex\PacMan\Pacman-Copy.cpp(1,1): warning C4828: 파일에 0x5a5 오프셋에서 시작하는 문자가 포함되어 있습니다. 이 문자는 현재 원본 문자 집합에서 잘못된 문자입니다(코드 페이지 65001).
C:\Users\Administrator\Desktop\Alex\PacMan\Pacman-Copy.cpp(1,1): warning C4828: 파일에 0x5a6 오프셋에서 시작하는 문자가 포함되어 있습니다. 이 문자는 현재 원본 문자 집합에서 잘못된 문자입니다(코드 페이지 65001).
C:\Users\Administrator\Desktop\Alex\PacMan\Pacman-Copy.cpp(1,1): warning C4828: 파일에 0x5a7 오프셋에서 시작하는 문자가 포함되어 있습니다. 이 문자는 현재 원본 문자 집합에서 잘못된 문자입니다(코드 페이지 65001).
C:\Users\Administrator\Desktop\Alex\PacMan\Pacman-Copy.cpp(1,1): warning C4828: 파일에 0x5a8 오프셋에서 시작하는 문자가 포함되어 있습니다. 이 문자는 현재 원본 문자 집합에서 잘못된 문자입니다(코드 페이지 65001).
C:\Users\Administrator\Desktop\Alex\PacMan\Pacman-Copy.cpp(1,1): warning C4828: 파일에 0x6fc 오프셋에서 시작하는 문자가 포함되어 있습니다. 이 문자는 현재 원본 문자 집합에서 잘못된 문자입니다(코드 페이지 65001).
C:\Users\Administrator\Desktop\Alex\PacMan\Pacman-Copy.cpp(1,1): warning C4828: 파일에 0x6fd 오프셋에서 시작하는 문자가 포함되어 있습니다. 이 문자는 현재 원본 문자 집합에서 잘못된 문자입니다(코드 페이지 65001).
C:\Users\Administrator\Desktop\Alex\PacMan\Pacman-Copy.cpp(1,1): warning C4828: 파일에 0x6ff 오프셋에서 시작하는 문자가 포함되어 있습니다. 이 문자는 현재 원본 문자 집합에서 잘못된 문자입니다(코드 페이지 65001).
C:\Users\Administrator\Desktop\Alex\PacMan\Pacman-Copy.cpp(1,1): warning C4828: 파일에 0x701 오프셋에서 시작하는 문자가 포함되어 있습니다. 이 문자는 현재 원본 문자 집합에서 잘못된 문자입니다(코드 페이지 65001).
C:\Users\Administrator\Desktop\Alex\PacMan\Pacman-Copy.cpp(1,1): warning C4828: 파일에 0x702 오프셋에서 시작하는 문자가 포함되어 있습니다. 이 문자는 현재 원본 문자 집합에서 잘못된 문자입니다(코드 페이지 65001).
C:\Users\Administrator\Desktop\Alex\PacMan\Pacman-Copy.cpp(1,1): warning C4828: 파일에 0x704 오프셋에서 시작하는 문자가 포함되어 있습니다. 이 문자는 현재 원본 문자 집합에서 잘못된 문자입니다(코드 페이지 65001).
C:\Users\Administrator\Desktop\Alex\PacMan\Pacman-Copy.cpp(1,1): warning C4828: 파일에 0x708 오프셋에서 시작하는 문자가 포함되어 있습니다. 이 문자는 현재 원본 문자 집합에서 잘못된 문자입니다(코드 페이지 65001).
C:\Users\Administrator\Desktop\Alex\PacMan\Pacman-Copy.cpp(1,1): warning C4828: 파일에 0x709 오프셋에서 시작하는 문자가 포함되어 있습니다. 이 문자는 현재 원본 문자 집합에서 잘못된 문자입니다(코드 페이지 65001).
C:\Users\Administrator\Desktop\Alex\PacMan\Pacman-Copy.cpp(1,1): warning C4828: 파일에 0x70b 오프셋에서 시작하는 문자가 포함되어 있습니다. 이 문자는 현재 원본 문자 집합에서 잘못된 문자입니다(코드 페이지 65001).
C:\Users\Administrator\Desktop\Alex\PacMan\Pacman-Copy.cpp(1,1): warning C4828: 파일에 0x70c 오프셋에서 시작하는 문자가 포함되어 있습니다. 이 문자는 현재 원본 문자 집합에서 잘못된 문자입니다(코드 페이지 65001).
C:\Users\Administrator\Desktop\Alex\PacMan\Pacman-Copy.cpp(1,1): warning C4828: 파일에 0x710 오프셋에서 시작하는 문자가 포함되어 있습니다. 이 문자는 현재 원본 문자 집합에서 잘못된 문자입니다(코드 페이지 65001).
C:\Users\Administrator\Desktop\Alex\PacMan\Pacman-Copy.cpp(1,1): warning C4828: 파일에 0x711 오프셋에서 시작하는 문자가 포함되어 있습니다. 이 문자는 현재 원본 문자 집합에서 잘못된 문자입니다(코드 페이지 65001).
C:\Users\Administrator\Desktop\Alex\PacMan\Pacman-Copy.cpp(1,1): warning C4828: 파일에 0x712 오프셋에서 시작하는 문자가 포함되어 있습니다. 이 문자는 현재 원본 문자 집합에서 잘못된 문자입니다(코드 페이지 65001).
C:\Users\Administrator\Desktop\Alex\PacMan\Pacman-Copy.cpp(1,1): warning C4828: 파일에 0x715 오프셋에서 시작하는 문자가 포함되어 있습니다. 이 문자는 현재 원본 문자 집합에서 잘못된 문자입니다(코드 페이지 65001).
C:\Users\Administrator\Desktop\Alex\PacMan\Pacman-Copy.cpp(1,1): warning C4828: 파일에 0x87c 오프셋에서 시작하는 문자가 포함되어 있습니다. 이 문자는 현재 원본 문자 집합에서 잘못된 문자입니다(코드 페이지 65001).
C:\Users\Administrator\Desktop\Alex\PacMan\Pacman-Copy.cpp(1,1): warning C4828: 파일에 0x87e 오프셋에서 시작하는 문자가 포함되어 있습니다. 이 문자는 현재 원본 문자 집합에서 잘못된 문자입니다(코드 페이지 65001).
C:\Users\Administrator\Desktop\Alex\PacMan\Pacman-Copy.cpp(1,1): warning C4828: 파일에 0x87f 오프셋에서 시작하는 문자가 포함되어 있습니다. 이 문자는 현재 원본 문자 집합에서 잘못된 문자입니다(코드 페이지 65001).
C:\Users\Administrator\Desktop\Alex\PacMan\Pacman-Copy.cpp(1,1): warning C4828: 파일에 0x882 오프셋에서 시작하는 문자가 포함되어 있습니다. 이 문자는 현재 원본 문자 집합에서 잘못된 문자입니다(코드 페이지 65001).
C:\Users\Administrator\Desktop\Alex\PacMan\Pacman-Copy.cpp(1,1): warning C4828: 파일에 0x884 오프셋에서 시작하는 문자가 포함되어 있습니다. 이 문자는 현재 원본 문자 집합에서 잘못된 문자입니다(코드 페이지 65001).
C:\Users\Administrator\Desktop\Alex\PacMan\Pacman-Copy.cpp(1,1): warning C4828: 파일에 0x886 오프셋에서 시작하는 문자가 포함되어 있습니다. 이 문자는 현재 원본 문자 집합에서 잘못된 문자입니다(코드 페이지 65001).
C:\Users\Administrator\Desktop\Alex\PacMan\Pacman-Copy.cpp(1,1): warning C4828: 파일에 0x887 오프셋에서 시작하는 문자가 포함되어 있습니다. 이 문자는 현재 원본 문자 집합에서 잘못된 문자입니다(코드 페이지 65001).
C:\Users\Administrator\Desktop\Alex\PacMan\Pacman-Copy.cpp(1,1): warning C4828: 파일에 0x888 오프셋에서 시작하는 문자가 포함되어 있습니다. 이 문자는 현재 원본 문자 집합에서 잘못된 문자입니다(코드 페이지 65001).
C:\Users\Administrator\Desktop\Alex\PacMan\Pacman-Copy.cpp(1,1): warning C4828: 파일에 0x889 오프셋에서 시작하는 문자가 포함되어 있습니다. 이 문자는 현재 원본 문자 집합에서 잘못된 문자입니다(코드 페이지 65001).
C:\Users\Administrator\Desktop\Alex\PacMan\Pacman-Copy.cpp(1,1): warning C4828: 파일에 0x88d 오프셋에서 시작하는 문자가 포함되어 있습니다. 이 문자는 현재 원본 문자 집합에서 잘못된 문자입니다(코드 페이지 65001).
C:\Users\Administrator\Desktop\Alex\PacMan\Pacman-Copy.cpp(1,1): warning C4828: 파일에 0x88e 오프셋에서 시작하는 문자가 포함되어 있습니다. 이 문자는 현재 원본 문자 집합에서 잘못된 문자입니다(코드 페이지 65001).
C:\Users\Administrator\Desktop\Alex\PacMan\Pacman-Copy.cpp(1,1): warning C4828: 파일에 0xa60 오프셋에서 시작하는 문자가 포함되어 있습니다. 이 문자는 현재 원본 문자 집합에서 잘못된 문자입니다(코드 페이지 65001).
C:\Users\Administrator\Desktop\Alex\PacMan\Pacman-Copy.cpp(1,1): warning C4828: 파일에 0xa62 오프셋에서 시작하는 문자가 포함되어 있습니다. 이 문자는 현재 원본 문자 집합에서 잘못된 문자입니다(코드 페이지 65001).
C:\Users\Administrator\Desktop\Alex\PacMan\Pacman-Copy.cpp(1,1): warning C4828: 파일에 0xa63 오프셋에서 시작하는 문자가 포함되어 있습니다. 이 문자는 현재 원본 문자 집합에서 잘못된 문자입니다(코드 페이지 65001).
C:\Users\Administrator\Desktop\Alex\PacMan\Pacman-Copy.cpp(1,1): warning C4828: 파일에 0xa68 오프셋에서 시작하는 문자가 포함되어 있습니다. 이 문자는 현재 원본 문자 집합에서 잘못된 문자입니다(코드 페이지 65001).
C:\Users\Administrator\Desktop\Alex\PacMan\Pacman-Copy.cpp(1,1): warning C4828: 파일에 0xa69 오프셋에서 시작하는 문자가 포함되어 있습니다. 이 문자는 현재 원본 문자 집합에서 잘못된 문자입니다(코드 페이지 65001).
C:\Users\Administrator\Desktop\Alex\PacMan\Pacman-Copy.cpp(1,1): warning C4828: 파일에 0xa6a 오프셋에서 시작하는 문자가 포함되어 있습니다. 이 문자는 현재 원본 문자 집합에서 잘못된 문자입니다(코드 페이지 65001).
C:\Users\Administrator\Desktop\Alex\PacMan\Pacman-Copy.cpp(1,1): warning C4828: 파일에 0xa6b 오프셋에서 시작하는 문자가 포함되어 있습니다. 이 문자는 현재 원본 문자 집합에서 잘못된 문자입니다(코드 페이지 65001).
C:\Users\Administrator\Desktop\Alex\PacMan\Pacman-Copy.cpp(1,1): warning C4828: 파일에 0xa6d 오프셋에서 시작하는 문자가 포함되어 있습니다. 이 문자는 현재 원본 문자 집합에서 잘못된 문자입니다(코드 페이지 65001).
C:\Users\Administrator\Desktop\Alex\PacMan\Pacman-Copy.cpp(1,1): warning C4828: 파일에 0xa6e 오프셋에서 시작하는 문자가 포함되어 있습니다. 이 문자는 현재 원본 문자 집합에서 잘못된 문자입니다(코드 페이지 65001).
C:\Users\Administrator\Desktop\Alex\PacMan\Pacman-Copy.cpp(1,1): warning C4828: 파일에 0xae2 오프셋에서 시작하는 문자가 포함되어 있습니다. 이 문자는 현재 원본 문자 집합에서 잘못된 문자입니다(코드 페이지 65001).
C:\Users\Administrator\Desktop\Alex\PacMan\Pacman-Copy.cpp(1,1): warning C4828: 파일에 0xae3 오프셋에서 시작하는 문자가 포함되어 있습니다. 이 문자는 현재 원본 문자 집합에서 잘못된 문자입니다(코드 페이지 65001).
C:\Users\Administrator\Desktop\Alex\PacMan\Pacman-Copy.cpp(1,1): warning C4828: 파일에 0xae4 오프셋에서 시작하는 문자가 포함되어 있습니다. 이 문자는 현재 원본 문자 집합에서 잘못된 문자입니다(코드 페이지 65001).
C:\Users\Administrator\Desktop\Alex\PacMan\Pacman-Copy.cpp(1,1): warning C4828: 파일에 0xae7 오프셋에서 시작하는 문자가 포함되어 있습니다. 이 문자는 현재 원본 문자 집합에서 잘못된 문자입니다(코드 페이지 65001).
C:\Users\Administrator\Desktop\Alex\PacMan\Pacman-Copy.cpp(1,1): warning C4828: 파일에 0xb5f 오프셋에서 시작하는 문자가 포함되어 있습니다. 이 문자는 현재 원본 문자 집합에서 잘못된 문자입니다(코드 페이지 65001).
C:\Users\Administrator\Desktop\Alex\PacMan\Pacman-Copy.cpp(1,1): warning C4828: 파일에 0xb60 오프셋에서 시작하는 문자가 포함되어 있습니다. 이 문자는 현재 원본 문자 집합에서 잘못된 문자입니다(코드 페이지 65001).
C:\Users\Administrator\Desktop\Alex\PacMan\Pacman-Copy.cpp(1,1): warning C4828: 파일에 0xb61 오프셋에서 시작하는 문자가 포함되어 있습니다. 이 문자는 현재 원본 문자 집합에서 잘못된 문자입니다(코드 페이지 65001).
C:\Users\Administrator\Desktop\Alex\PacMan\Pacman-Copy.cpp(1,1): warning C4828: 파일에 0xb62 오프셋에서 시작하는 문자가 포함되어 있습니다. 이 문자는 현재 원본 문자 집합에서 잘못된 문자입니다(코드 페이지 65001).
C:\Users\Administrator\Desktop\Alex\PacMan\Pacman-Copy.cpp(1,1): warning C4828: 파일에 0xbd5 오프셋에서 시작하는 문자가 포함되어 있습니다. 이 문자는 현재 원본 문자 집합에서 잘못된 문자입니다(코드 페이지 65001).
C:\Users\Administrator\Desktop\Alex\PacMan\Pacman-Copy.cpp(1,1): warning C4828: 파일에 0xbd6 오프셋에서 시작하는 문자가 포함되어 있습니다. 이 문자는 현재 원본 문자 집합에서 잘못된 문자입니다(코드 페이지 65001).
C:\Users\Administrator\Desktop\Alex\PacMan\Pacman-Copy.cpp(1,1): warning C4828: 파일에 0xbd9 오프셋에서 시작하는 문자가 포함되어 있습니다. 이 문자는 현재 원본 문자 집합에서 잘못된 문자입니다(코드 페이지 65001).
C:\Users\Administrator\Desktop\Alex\PacMan\Pacman-Copy.cpp(1,1): warning C4828: 파일에 0xbda 오프셋에서 시작하는 문자가 포함되어 있습니다. 이 문자는 현재 원본 문자 집합에서 잘못된 문자입니다(코드 페이지 65001).
C:\Users\Administrator\Desktop\Alex\PacMan\Pacman-Copy.cpp(1,1): warning C4828: 파일에 0xc31 오프셋에서 시작하는 문자가 포함되어 있습니다. 이 문자는 현재 원본 문자 집합에서 잘못된 문자입니다(코드 페이지 65001).
C:\Users\Administrator\Desktop\Alex\PacMan\Pacman-Copy.cpp(1,1): warning C4828: 파일에 0xc36 오프셋에서 시작하는 문자가 포함되어 있습니다. 이 문자는 현재 원본 문자 집합에서 잘못된 문자입니다(코드 페이지 65001).
C:\Users\Administrator\Desktop\Alex\PacMan\Pacman-Copy.cpp(1,1): warning C4828: 파일에 0xc37 오프셋에서 시작하는 문자가 포함되어 있습니다. 이 문자는 현재 원본 문자 집합에서 잘못된 문자입니다(코드 페이지 65001).
C:\Users\Administrator\Desktop\Alex\PacMan\Pacman-Copy.cpp(1,1): warning C4828: 파일에 0x1168 오프셋에서 시작하는 문자가 포함되어 있습니다. 이 문자는 현재 원본 문자 집합에서 잘못된 문자입니다(코드 페이지 65001).
C:\Users\Administrator\Desktop\Alex\PacMan\Pacman-Copy.cpp(1,1): warning C4828: 파일에 0x1169 오프셋에서 시작하는 문자가 포함되어 있습니다. 이 문자는 현재 원본 문자 집합에서 잘못된 문자입니다(코드 페이지 65001).
C:\Users\Administrator\Desktop\Alex\PacMan\Pacman-Copy.cpp(1,1): warning C4828: 파일에 0x116d 오프셋에서 시작하는 문자가 포함되어 있습니다. 이 문자는 현재 원본 문자 집합에서 잘못된 문자입니다(코드 페이지 65001).
C:\Users\Administrator\Desktop\Alex\PacMan\Pacman-Copy.cpp(1,1): warning C4828: 파일에 0x116e 오프셋에서 시작하는 문자가 포함되어 있습니다. 이 문자는 현재 원본 문자 집합에서 잘못된 문자입니다(코드 페이지 65001).
C:\Users\Administrator\Desktop\Alex\PacMan\Pacman-Copy.cpp(1,1): warning C4828: 파일에 0x1172 오프셋에서 시작하는 문자가 포함되어 있습니다. 이 문자는 현재 원본 문자 집합에서 잘못된 문자입니다(코드 페이지 65001).
C:\Users\Administrator\Desktop\Alex\PacMan\Pacman-Copy.cpp(1,1): warning C4828: 파일에 0x1174 오프셋에서 시작하는 문자가 포함되어 있습니다. 이 문자는 현재 원본 문자 집합에서 잘못된 문자입니다(코드 페이지 65001).
C:\Users\Administrator\Desktop\Alex\PacMan\Pacman-Copy.cpp(1,1): warning C4828: 파일에 0x1177 오프셋에서 시작하는 문자가 포함되어 있습니다. 이 문자는 현재 원본 문자 집합에서 잘못된 문자입니다(코드 페이지 65001).
C:\Users\Administrator\Desktop\Alex\PacMan\Pacman-Copy.cpp(1,1): warning C4828: 파일에 0x1178 오프셋에서 시작하는 문자가 포함되어 있습니다. 이 문자는 현재 원본 문자 집합에서 잘못된 문자입니다(코드 페이지 65001).
C:\Users\Administrator\Desktop\Alex\PacMan\Pacman-Copy.cpp(1,1): warning C4828: 파일에 0x1179 오프셋에서 시작하는 문자가 포함되어 있습니다. 이 문자는 현재 원본 문자 집합에서 잘못된 문자입니다(코드 페이지 65001).
C:\Users\Administrator\Desktop\Alex\PacMan\Pacman-Copy.cpp(1,1): warning C4828: 파일에 0x117a 오프셋에서 시작하는 문자가 포함되어 있습니다. 이 문자는 현재 원본 문자 집합에서 잘못된 문자입니다(코드 페이지 65001).
C:\Users\Administrator\Desktop\Alex\PacMan\Pacman-Copy.cpp(1,1): warning C4828: 파일에 0x117b 오프셋에서 시작하는 문자가 포함되어 있습니다. 이 문자는 현재 원본 문자 집합에서 잘못된 문자입니다(코드 페이지 65001).
C:\Users\Administrator\Desktop\Alex\PacMan\Pacman-Copy.cpp(1,1): warning C4828: 파일에 0x1180 오프셋에서 시작하는 문자가 포함되어 있습니다. 이 문자는 현재 원본 문자 집합에서 잘못된 문자입니다(코드 페이지 65001).
C:\Users\Administrator\Desktop\Alex\PacMan\Pacman-Copy.cpp(1,1): warning C4828: 파일에 0x1184 오프셋에서 시작하는 문자가 포함되어 있습니다. 이 문자는 현재 원본 문자 집합에서 잘못된 문자입니다(코드 페이지 65001).
C:\Users\Administrator\Desktop\Alex\PacMan\Pacman-Copy.cpp(1,1): warning C4828: 파일에 0x1185 오프셋에서 시작하는 문자가 포함되어 있습니다. 이 문자는 현재 원본 문자 집합에서 잘못된 문자입니다(코드 페이지 65001).
C:\Users\Administrator\Desktop\Alex\PacMan\Pacman-Copy.cpp(1,1): warning C4828: 파일에 0x11a8 오프셋에서 시작하는 문자가 포함되어 있습니다. 이 문자는 현재 원본 문자 집합에서 잘못된 문자입니다(코드 페이지 65001).
C:\Users\Administrator\Desktop\Alex\PacMan\Pacman-Copy.cpp(1,1): warning C4828: 파일에 0x11a9 오프셋에서 시작하는 문자가 포함되어 있습니다. 이 문자는 현재 원본 문자 집합에서 잘못된 문자입니다(코드 페이지 65001).
C:\Users\Administrator\Desktop\Alex\PacMan\Pacman-Copy.cpp(1,1): warning C4828: 파일에 0x11aa 오프셋에서 시작하는 문자가 포함되어 있습니다. 이 문자는 현재 원본 문자 집합에서 잘못된 문자입니다(코드 페이지 65001).
C:\Users\Administrator\Desktop\Alex\PacMan\Pacman-Copy.cpp(1,1): warning C4828: 파일에 0x11ab 오프셋에서 시작하는 문자가 포함되어 있습니다. 이 문자는 현재 원본 문자 집합에서 잘못된 문자입니다(코드 페이지 65001).
C:\Users\Administrator\Desktop\Alex\PacMan\Pacman-Copy.cpp(1,1): warning C4828: 파일에 0x11ac 오프셋에서 시작하는 문자가 포함되어 있습니다. 이 문자는 현재 원본 문자 집합에서 잘못된 문자입니다(코드 페이지 65001).
C:\Users\Administrator\Desktop\Alex\PacMan\Pacman-Copy.cpp(1,1): warning C4828: 파일에 0x11ad 오프셋에서 시작하는 문자가 포함되어 있습니다. 이 문자는 현재 원본 문자 집합에서 잘못된 문자입니다(코드 페이지 65001).
C:\Users\Administrator\Desktop\Alex\PacMan\Pacman-Copy.cpp(1,1): warning C4828: 파일에 0x11af 오프셋에서 시작하는 문자가 포함되어 있습니다. 이 문자는 현재 원본 문자 집합에서 잘못된 문자입니다(코드 페이지 65001).
C:\Users\Administrator\Desktop\Alex\PacMan\Pacman-Copy.cpp(1,1): warning C4828: 파일에 0x11b0 오프셋에서 시작하는 문자가 포함되어 있습니다. 이 문자는 현재 원본 문자 집합에서 잘못된 문자입니다(코드 페이지 65001).
C:\Users\Administrator\Desktop\Alex\PacMan\Pacman-Copy.cpp(1,1): warning C4828: 파일에 0x11b2 오프셋에서 시작하는 문자가 포함되어 있습니다. 이 문자는 현재 원본 문자 집합에서 잘못된 문자입니다(코드 페이지 65001).
C:\Users\Administrator\Desktop\Alex\PacMan\Pacman-Copy.cpp(1,1): warning C4828: 파일에 0x11b4 오프셋에서 시작하는 문자가 포함되어 있습니다. 이 문자는 현재 원본 문자 집합에서 잘못된 문자입니다(코드 페이지 65001).
C:\Users\Administrator\Desktop\Alex\PacMan\Pacman-Copy.cpp(1,1): warning C4828: 파일에 0x11b5 오프셋에서 시작하는 문자가 포함되어 있습니다. 이 문자는 현재 원본 문자 집합에서 잘못된 문자입니다(코드 페이지 65001).
C:\Users\Administrator\Desktop\Alex\PacMan\Pacman-Copy.cpp(1,1): warning C4828: 파일에 0x11b6 오프셋에서 시작하는 문자가 포함되어 있습니다. 이 문자는 현재 원본 문자 집합에서 잘못된 문자입니다(코드 페이지 65001).
C:\Users\Administrator\Desktop\Alex\PacMan\Pacman-Copy.cpp(1,1): warning C4828: 파일에 0x124b 오프셋에서 시작하는 문자가 포함되어 있습니다. 이 문자는 현재 원본 문자 집합에서 잘못된 문자입니다(코드 페이지 65001).
C:\Users\Administrator\Desktop\Alex\PacMan\Pacman-Copy.cpp(1,1): warning C4828: 파일에 0x124c 오프셋에서 시작하는 문자가 포함되어 있습니다. 이 문자는 현재 원본 문자 집합에서 잘못된 문자입니다(코드 페이지 65001).
C:\Users\Administrator\Desktop\Alex\PacMan\Pacman-Copy.cpp(1,1): warning C4828: 파일에 0x124d 오프셋에서 시작하는 문자가 포함되어 있습니다. 이 문자는 현재 원본 문자 집합에서 잘못된 문자입니다(코드 페이지 65001).
C:\Users\Administrator\Desktop\Alex\PacMan\Pacman-Copy.cpp(1,1): warning C4828: 파일에 0x124e 오프셋에서 시작하는 문자가 포함되어 있습니다. 이 문자는 현재 원본 문자 집합에서 잘못된 문자입니다(코드 페이지 65001).
C:\Users\Administrator\Desktop\Alex\PacMan\Pacman-Copy.cpp(1,1): warning C4828: 파일에 0x1250 오프셋에서 시작하는 문자가 포함되어 있습니다. 이 문자는 현재 원본 문자 집합에서 잘못된 문자입니다(코드 페이지 65001).
C:\Users\Administrator\Desktop\Alex\PacMan\Pacman-Copy.cpp(1,1): warning C4828: 파일에 0x1251 오프셋에서 시작하는 문자가 포함되어 있습니다. 이 문자는 현재 원본 문자 집합에서 잘못된 문자입니다(코드 페이지 65001).
C:\Users\Administrator\Desktop\Alex\PacMan\Pacman-Copy.cpp(1,1): warning C4828: 파일에 0x1257 오프셋에서 시작하는 문자가 포함되어 있습니다. 이 문자는 현재 원본 문자 집합에서 잘못된 문자입니다(코드 페이지 65001).
C:\Users\Administrator\Desktop\Alex\PacMan\Pacman-Copy.cpp(1,1): warning C4828: 파일에 0x1258 오프셋에서 시작하는 문자가 포함되어 있습니다. 이 문자는 현재 원본 문자 집합에서 잘못된 문자입니다(코드 페이지 65001).
C:\Users\Administrator\Desktop\Alex\PacMan\Pacman-Copy.cpp(1,1): warning C4828: 파일에 0x12c0 오프셋에서 시작하는 문자가 포함되어 있습니다. 이 문자는 현재 원본 문자 집합에서 잘못된 문자입니다(코드 페이지 65001).
C:\Users\Administrator\Desktop\Alex\PacMan\Pacman-Copy.cpp(1,1): warning C4828: 파일에 0x12c4 오프셋에서 시작하는 문자가 포함되어 있습니다. 이 문자는 현재 원본 문자 집합에서 잘못된 문자입니다(코드 페이지 65001).
C:\Users\Administrator\Desktop\Alex\PacMan\Pacman-Copy.cpp(1,1): warning C4828: 파일에 0x12c5 오프셋에서 시작하는 문자가 포함되어 있습니다. 이 문자는 현재 원본 문자 집합에서 잘못된 문자입니다(코드 페이지 65001).
C:\Users\Administrator\Desktop\Alex\PacMan\Pacman-Copy.cpp(1,1): warning C4828: 파일에 0x12c7 오프셋에서 시작하는 문자가 포함되어 있습니다. 이 문자는 현재 원본 문자 집합에서 잘못된 문자입니다(코드 페이지 65001).
C:\Users\Administrator\Desktop\Alex\PacMan\Pacman-Copy.cpp(1,1): warning C4828: 파일에 0x12c9 오프셋에서 시작하는 문자가 포함되어 있습니다. 이 문자는 현재 원본 문자 집합에서 잘못된 문자입니다(코드 페이지 65001).
C:\Users\Administrator\Desktop\Alex\PacMan\Pacman-Copy.cpp(1,1): warning C4828: 파일에 0x12ca 오프셋에서 시작하는 문자가 포함되어 있습니다. 이 문자는 현재 원본 문자 집합에서 잘못된 문자입니다(코드 페이지 65001).
C:\Users\Administrator\Desktop\Alex\PacMan\Pacman-Copy.cpp(1,1): warning C4828: 파일에 0x12cd 오프셋에서 시작하는 문자가 포함되어 있습니다. 이 문자는 현재 원본 문자 집합에서 잘못된 문자입니다(코드 페이지 65001).
C:\Users\Administrator\Desktop\Alex\PacMan\Pacman-Copy.cpp(1,1): warning C4828: 파일에 0x12ce 오프셋에서 시작하는 문자가 포함되어 있습니다. 이 문자는 현재 원본 문자 집합에서 잘못된 문자입니다(코드 페이지 65001).
C:\Users\Administrator\Desktop\Alex\PacMan\Pacman-Copy.cpp(1,1): warning C4828: 파일에 0x12d5 오프셋에서 시작하는 문자가 포함되어 있습니다. 이 문자는 현재 원본 문자 집합에서 잘못된 문자입니다(코드 페이지 65001).
C:\Users\Administrator\Desktop\Alex\PacMan\Pacman-Copy.cpp(1,1): warning C4828: 파일에 0x12da 오프셋에서 시작하는 문자가 포함되어 있습니다. 이 문자는 현재 원본 문자 집합에서 잘못된 문자입니다(코드 페이지 65001).
C:\Users\Administrator\Desktop\Alex\PacMan\Pacman-Copy.cpp(1,1): warning C4828: 파일에 0x12df 오프셋에서 시작하는 문자가 포함되어 있습니다. 이 문자는 현재 원본 문자 집합에서 잘못된 문자입니다(코드 페이지 65001).
C:\Users\Administrator\Desktop\Alex\PacMan\Pacman-Copy.cpp(1,1): warning C4828: 파일에 0x12e0 오프셋에서 시작하는 문자가 포함되어 있습니다. 이 문자는 현재 원본 문자 집합에서 잘못된 문자입니다(코드 페이지 65001).
C:\Users\Administrator\Desktop\Alex\PacMan\Pacman-Copy.cpp(1,1): warning C4828: 파일에 0x12e2 오프셋에서 시작하는 문자가 포함되어 있습니다. 이 문자는 현재 원본 문자 집합에서 잘못된 문자입니다(코드 페이지 65001).
C:\Users\Administrator\Desktop\Alex\PacMan\Pacman-Copy.cpp(1,1): warning C4828: 파일에 0x12e3 오프셋에서 시작하는 문자가 포함되어 있습니다. 이 문자는 현재 원본 문자 집합에서 잘못된 문자입니다(코드 페이지 65001).
C:\Users\Administrator\Desktop\Alex\PacMan\Pacman-Copy.cpp(1,1): warning C4828: 파일에 0x12e5 오프셋에서 시작하는 문자가 포함되어 있습니다. 이 문자는 현재 원본 문자 집합에서 잘못된 문자입니다(코드 페이지 65001).
C:\Users\Administrator\Desktop\Alex\PacMan\Pacman-Copy.cpp(1,1): warning C4828: 파일에 0x13da 오프셋에서 시작하는 문자가 포함되어 있습니다. 이 문자는 현재 원본 문자 집합에서 잘못된 문자입니다(코드 페이지 65001).
C:\Users\Administrator\Desktop\Alex\PacMan\Pacman-Copy.cpp(1,1): warning C4828: 파일에 0x13dc 오프셋에서 시작하는 문자가 포함되어 있습니다. 이 문자는 현재 원본 문자 집합에서 잘못된 문자입니다(코드 페이지 65001).
C:\Users\Administrator\Desktop\Alex\PacMan\Pacman-Copy.cpp(1,1): warning C4828: 파일에 0x13df 오프셋에서 시작하는 문자가 포함되어 있습니다. 이 문자는 현재 원본 문자 집합에서 잘못된 문자입니다(코드 페이지 65001).
C:\Users\Administrator\Desktop\Alex\PacMan\Pacman-Copy.cpp(1,1): warning C4828: 파일에 0x13e1 오프셋에서 시작하는 문자가 포함되어 있습니다. 이 문자는 현재 원본 문자 집합에서 잘못된 문자입니다(코드 페이지 65001).
C:\Users\Administrator\Desktop\Alex\PacMan\Pacman-Copy.cpp(1,1): warning C4828: 파일에 0x13e6 오프셋에서 시작하는 문자가 포함되어 있습니다. 이 문자는 현재 원본 문자 집합에서 잘못된 문자입니다(코드 페이지 65001).
C:\Users\Administrator\Desktop\Alex\PacMan\Pacman-Copy.cpp(1,1): warning C4828: 파일에 0x13eb 오프셋에서 시작하는 문자가 포함되어 있습니다. 이 문자는 현재 원본 문자 집합에서 잘못된 문자입니다(코드 페이지 65001).
C:\Users\Administrator\Desktop\Alex\PacMan\Pacman-Copy.cpp(1,1): warning C4828: 파일에 0x13ed 오프셋에서 시작하는 문자가 포함되어 있습니다. 이 문자는 현재 원본 문자 집합에서 잘못된 문자입니다(코드 페이지 65001).
C:\Users\Administrator\Desktop\Alex\PacMan\Pacman-Copy.cpp(1,1): warning C4828: 파일에 0x13ee 오프셋에서 시작하는 문자가 포함되어 있습니다. 이 문자는 현재 원본 문자 집합에서 잘못된 문자입니다(코드 페이지 65001).
C:\Users\Administrator\Desktop\Alex\PacMan\Pacman-Copy.cpp(1,1): warning C4828: 파일에 0x13ef 오프셋에서 시작하는 문자가 포함되어 있습니다. 이 문자는 현재 원본 문자 집합에서 잘못된 문자입니다(코드 페이지 65001).
C:\Users\Administrator\Desktop\Alex\PacMan\Pacman-Copy.cpp(1,1): warning C4828: 파일에 0x13f0 오프셋에서 시작하는 문자가 포함되어 있습니다. 이 문자는 현재 원본 문자 집합에서 잘못된 문자입니다(코드 페이지 65001).
C:\Users\Administrator\Desktop\Alex\PacMan\Pacman-Copy.cpp(1,1): warning C4828: 파일에 0x1665 오프셋에서 시작하는 문자가 포함되어 있습니다. 이 문자는 현재 원본 문자 집합에서 잘못된 문자입니다(코드 페이지 65001).
C:\Users\Administrator\Desktop\Alex\PacMan\Pacman-Copy.cpp(1,1): warning C4828: 파일에 0x1666 오프셋에서 시작하는 문자가 포함되어 있습니다. 이 문자는 현재 원본 문자 집합에서 잘못된 문자입니다(코드 페이지 65001).
C:\Users\Administrator\Desktop\Alex\PacMan\Pacman-Copy.cpp(1,1): warning C4828: 파일에 0x1667 오프셋에서 시작하는 문자가 포함되어 있습니다. 이 문자는 현재 원본 문자 집합에서 잘못된 문자입니다(코드 페이지 65001).
C:\Users\Administrator\Desktop\Alex\PacMan\Pacman-Copy.cpp(1,1): warning C4828: 파일에 0x1668 오프셋에서 시작하는 문자가 포함되어 있습니다. 이 문자는 현재 원본 문자 집합에서 잘못된 문자입니다(코드 페이지 65001).
C:\Users\Administrator\Desktop\Alex\PacMan\Pacman-Copy.cpp(1,1): warning C4828: 파일에 0x166a 오프셋에서 시작하는 문자가 포함되어 있습니다. 이 문자는 현재 원본 문자 집합에서 잘못된 문자입니다(코드 페이지 65001).
C:\Users\Administrator\Desktop\Alex\PacMan\Pacman-Copy.cpp(1,1): warning C4828: 파일에 0x166d 오프셋에서 시작하는 문자가 포함되어 있습니다. 이 문자는 현재 원본 문자 집합에서 잘못된 문자입니다(코드 페이지 65001).
C:\Users\Administrator\Desktop\Alex\PacMan\Pacman-Copy.cpp(1,1): warning C4828: 파일에 0x16b8 오프셋에서 시작하는 문자가 포함되어 있습니다. 이 문자는 현재 원본 문자 집합에서 잘못된 문자입니다(코드 페이지 65001).
C:\Users\Administrator\Desktop\Alex\PacMan\Pacman-Copy.cpp(1,1): warning C4828: 파일에 0x16bb 오프셋에서 시작하는 문자가 포함되어 있습니다. 이 문자는 현재 원본 문자 집합에서 잘못된 문자입니다(코드 페이지 65001).
C:\Users\Administrator\Desktop\Alex\PacMan\Pacman-Copy.cpp(1,1): warning C4828: 파일에 0x16bc 오프셋에서 시작하는 문자가 포함되어 있습니다. 이 문자는 현재 원본 문자 집합에서 잘못된 문자입니다(코드 페이지 65001).
C:\Users\Administrator\Desktop\Alex\PacMan\Pacman-Copy.cpp(1,1): warning C4828: 파일에 0x16bd 오프셋에서 시작하는 문자가 포함되어 있습니다. 이 문자는 현재 원본 문자 집합에서 잘못된 문자입니다(코드 페이지 65001).
C:\Users\Administrator\Desktop\Alex\PacMan\Pacman-Copy.cpp(1,1): warning C4828: 파일에 0x16bf 오프셋에서 시작하는 문자가 포함되어 있습니다. 이 문자는 현재 원본 문자 집합에서 잘못된 문자입니다(코드 페이지 65001).
C:\Users\Administrator\Desktop\Alex\PacMan\Pacman-Copy.cpp(1,1): warning C4828: 파일에 0x16c2 오프셋에서 시작하는 문자가 포함되어 있습니다. 이 문자는 현재 원본 문자 집합에서 잘못된 문자입니다(코드 페이지 65001).
C:\Users\Administrator\Desktop\Alex\PacMan\Pacman-Copy.cpp(1,1): warning C4828: 파일에 0x1703 오프셋에서 시작하는 문자가 포함되어 있습니다. 이 문자는 현재 원본 문자 집합에서 잘못된 문자입니다(코드 페이지 65001).
C:\Users\Administrator\Desktop\Alex\PacMan\Pacman-Copy.cpp(1,1): warning C4828: 파일에 0x1704 오프셋에서 시작하는 문자가 포함되어 있습니다. 이 문자는 현재 원본 문자 집합에서 잘못된 문자입니다(코드 페이지 65001).
C:\Users\Administrator\Desktop\Alex\PacMan\Pacman-Copy.cpp(1,1): warning C4828: 파일에 0x1706 오프셋에서 시작하는 문자가 포함되어 있습니다. 이 문자는 현재 원본 문자 집합에서 잘못된 문자입니다(코드 페이지 65001).
C:\Users\Administrator\Desktop\Alex\PacMan\Pacman-Copy.cpp(1,1): warning C4828: 파일에 0x1708 오프셋에서 시작하는 문자가 포함되어 있습니다. 이 문자는 현재 원본 문자 집합에서 잘못된 문자입니다(코드 페이지 65001).
C:\Users\Administrator\Desktop\Alex\PacMan\Pacman-Copy.cpp(1,1): warning C4828: 파일에 0x170b 오프셋에서 시작하는 문자가 포함되어 있습니다. 이 문자는 현재 원본 문자 집합에서 잘못된 문자입니다(코드 페이지 65001).
C:\Users\Administrator\Desktop\Alex\PacMan\Pacman-Copy.cpp(1,1): warning C4828: 파일에 0x1756 오프셋에서 시작하는 문자가 포함되어 있습니다. 이 문자는 현재 원본 문자 집합에서 잘못된 문자입니다(코드 페이지 65001).
C:\Users\Administrator\Desktop\Alex\PacMan\Pacman-Copy.cpp(1,1): warning C4828: 파일에 0x1757 오프셋에서 시작하는 문자가 포함되어 있습니다. 이 문자는 현재 원본 문자 집합에서 잘못된 문자입니다(코드 페이지 65001).
C:\Users\Administrator\Desktop\Alex\PacMan\Pacman-Copy.cpp(1,1): warning C4828: 파일에 0x1758 오프셋에서 시작하는 문자가 포함되어 있습니다. 이 문자는 현재 원본 문자 집합에서 잘못된 문자입니다(코드 페이지 65001).
C:\Users\Administrator\Desktop\Alex\PacMan\Pacman-Copy.cpp(1,1): warning C4828: 파일에 0x1759 오프셋에서 시작하는 문자가 포함되어 있습니다. 이 문자는 현재 원본 문자 집합에서 잘못된 문자입니다(코드 페이지 65001).
C:\Users\Administrator\Desktop\Alex\PacMan\Pacman-Copy.cpp(1,1): warning C4828: 파일에 0x175a 오프셋에서 시작하는 문자가 포함되어 있습니다. 이 문자는 현재 원본 문자 집합에서 잘못된 문자입니다(코드 페이지 65001).
C:\Users\Administrator\Desktop\Alex\PacMan\Pacman-Copy.cpp(1,1): warning C4828: 파일에 0x175d 오프셋에서 시작하는 문자가 포함되어 있습니다. 이 문자는 현재 원본 문자 집합에서 잘못된 문자입니다(코드 페이지 65001).
C:\Users\Administrator\Desktop\Alex\PacMan\Pacman-Copy.cpp(1,1): warning C4828: 파일에 0x1760 오프셋에서 시작하는 문자가 포함되어 있습니다. 이 문자는 현재 원본 문자 집합에서 잘못된 문자입니다(코드 페이지 65001).
C:\Users\Administrator\Desktop\Alex\PacMan\Pacman-Copy.cpp(1,1): warning C4828: 파일에 0x17a9 오프셋에서 시작하는 문자가 포함되어 있습니다. 이 문자는 현재 원본 문자 집합에서 잘못된 문자입니다(코드 페이지 65001).
C:\Users\Administrator\Desktop\Alex\PacMan\Pacman-Copy.cpp(1,1): warning C4828: 파일에 0x17aa 오프셋에서 시작하는 문자가 포함되어 있습니다. 이 문자는 현재 원본 문자 집합에서 잘못된 문자입니다(코드 페이지 65001).
C:\Users\Administrator\Desktop\Alex\PacMan\Pacman-Copy.cpp(1,1): warning C4828: 파일에 0x17b0 오프셋에서 시작하는 문자가 포함되어 있습니다. 이 문자는 현재 원본 문자 집합에서 잘못된 문자입니다(코드 페이지 65001).
C:\Users\Administrator\Desktop\Alex\PacMan\Pacman-Copy.cpp(1,1): warning C4828: 파일에 0x17b1 오프셋에서 시작하는 문자가 포함되어 있습니다. 이 문자는 현재 원본 문자 집합에서 잘못된 문자입니다(코드 페이지 65001).
C:\Users\Administrator\Desktop\Alex\PacMan\Pacman-Copy.cpp(1,1): warning C4828: 파일에 0x17b3 오프셋에서 시작하는 문자가 포함되어 있습니다. 이 문자는 현재 원본 문자 집합에서 잘못된 문자입니다(코드 페이지 65001).
C:\Users\Administrator\Desktop\Alex\PacMan\Pacman-Copy.cpp(1,1): warning C4828: 파일에 0x17b4 오프셋에서 시작하는 문자가 포함되어 있습니다. 이 문자는 현재 원본 문자 집합에서 잘못된 문자입니다(코드 페이지 65001).
C:\Users\Administrator\Desktop\Alex\PacMan\Pacman-Copy.cpp(1,1): warning C4828: 파일에 0x17b5 오프셋에서 시작하는 문자가 포함되어 있습니다. 이 문자는 현재 원본 문자 집합에서 잘못된 문자입니다(코드 페이지 65001).
C:\Users\Administrator\Desktop\Alex\PacMan\Pacman-Copy.cpp(1,1): warning C4828: 파일에 0x17b8 오프셋에서 시작하는 문자가 포함되어 있습니다. 이 문자는 현재 원본 문자 집합에서 잘못된 문자입니다(코드 페이지 65001).
C:\Users\Administrator\Desktop\Alex\PacMan\Pacman-Copy.cpp(1,1): warning C4828: 파일에 0x17bd 오프셋에서 시작하는 문자가 포함되어 있습니다. 이 문자는 현재 원본 문자 집합에서 잘못된 문자입니다(코드 페이지 65001).
C:\Users\Administrator\Desktop\Alex\PacMan\Pacman-Copy.cpp(1,1): warning C4828: 파일에 0x17be 오프셋에서 시작하는 문자가 포함되어 있습니다. 이 문자는 현재 원본 문자 집합에서 잘못된 문자입니다(코드 페이지 65001).
C:\Users\Administrator\Desktop\Alex\PacMan\Pacman-Copy.cpp(1,1): warning C4828: 파일에 0x17c1 오프셋에서 시작하는 문자가 포함되어 있습니다. 이 문자는 현재 원본 문자 집합에서 잘못된 문자입니다(코드 페이지 65001).
C:\Users\Administrator\Desktop\Alex\PacMan\Pacman-Copy.cpp(1,1): warning C4828: 파일에 0x17c2 오프셋에서 시작하는 문자가 포함되어 있습니다. 이 문자는 현재 원본 문자 집합에서 잘못된 문자입니다(코드 페이지 65001).
C:\Users\Administrator\Desktop\Alex\PacMan\Pacman-Copy.cpp(1,1): warning C4828: 파일에 0x17c6 오프셋에서 시작하는 문자가 포함되어 있습니다. 이 문자는 현재 원본 문자 집합에서 잘못된 문자입니다(코드 페이지 65001).
C:\Users\Administrator\Desktop\Alex\PacMan\Pacman-Copy.cpp(1,1): warning C4828: 파일에 0x17c9 오프셋에서 시작하는 문자가 포함되어 있습니다. 이 문자는 현재 원본 문자 집합에서 잘못된 문자입니다(코드 페이지 65001).
C:\Users\Administrator\Desktop\Alex\PacMan\Pacman-Copy.cpp(1,1): warning C4828: 파일에 0x17cb 오프셋에서 시작하는 문자가 포함되어 있습니다. 이 문자는 현재 원본 문자 집합에서 잘못된 문자입니다(코드 페이지 65001).
C:\Users\Administrator\Desktop\Alex\PacMan\Pacman-Copy.cpp(1,1): warning C4828: 파일에 0x17cc 오프셋에서 시작하는 문자가 포함되어 있습니다. 이 문자는 현재 원본 문자 집합에서 잘못된 문자입니다(코드 페이지 65001).
C:\Users\Administrator\Desktop\Alex\PacMan\Pacman-Copy.cpp(1,1): warning C4828: 파일에 0x17cd 오프셋에서 시작하는 문자가 포함되어 있습니다. 이 문자는 현재 원본 문자 집합에서 잘못된 문자입니다(코드 페이지 65001).
C:\Users\Administrator\Desktop\Alex\PacMan\Pacman-Copy.cpp(1,1): warning C4828: 파일에 0x17ce 오프셋에서 시작하는 문자가 포함되어 있습니다. 이 문자는 현재 원본 문자 집합에서 잘못된 문자입니다(코드 페이지 65001).
C:\Users\Administrator\Desktop\Alex\PacMan\Pacman-Copy.cpp(1,1): warning C4828: 파일에 0x1805 오프셋에서 시작하는 문자가 포함되어 있습니다. 이 문자는 현재 원본 문자 집합에서 잘못된 문자입니다(코드 페이지 65001).
C:\Users\Administrator\Desktop\Alex\PacMan\Pacman-Copy.cpp(1,1): warning C4828: 파일에 0x1808 오프셋에서 시작하는 문자가 포함되어 있습니다. 이 문자는 현재 원본 문자 집합에서 잘못된 문자입니다(코드 페이지 65001).
C:\Users\Administrator\Desktop\Alex\PacMan\Pacman-Copy.cpp(1,1): warning C4828: 파일에 0x1809 오프셋에서 시작하는 문자가 포함되어 있습니다. 이 문자는 현재 원본 문자 집합에서 잘못된 문자입니다(코드 페이지 65001).
C:\Users\Administrator\Desktop\Alex\PacMan\Pacman-Copy.cpp(1,1): warning C4828: 파일에 0x180c 오프셋에서 시작하는 문자가 포함되어 있습니다. 이 문자는 현재 원본 문자 집합에서 잘못된 문자입니다(코드 페이지 65001).
C:\Users\Administrator\Desktop\Alex\PacMan\Pacman-Copy.cpp(1,1): warning C4828: 파일에 0x180d 오프셋에서 시작하는 문자가 포함되어 있습니다. 이 문자는 현재 원본 문자 집합에서 잘못된 문자입니다(코드 페이지 65001).
C:\Users\Administrator\Desktop\Alex\PacMan\Pacman-Copy.cpp(1,1): warning C4828: 파일에 0x1810 오프셋에서 시작하는 문자가 포함되어 있습니다. 이 문자는 현재 원본 문자 집합에서 잘못된 문자입니다(코드 페이지 65001).
C:\Users\Administrator\Desktop\Alex\PacMan\Pacman-Copy.cpp(1,1): warning C4828: 파일에 0x1811 오프셋에서 시작하는 문자가 포함되어 있습니다. 이 문자는 현재 원본 문자 집합에서 잘못된 문자입니다(코드 페이지 65001).
C:\Users\Administrator\Desktop\Alex\PacMan\Pacman-Copy.cpp(1,1): warning C4828: 파일에 0x1813 오프셋에서 시작하는 문자가 포함되어 있습니다. 이 문자는 현재 원본 문자 집합에서 잘못된 문자입니다(코드 페이지 65001).
C:\Users\Administrator\Desktop\Alex\PacMan\Pacman-Copy.cpp(1,1): warning C4828: 파일에 0x1814 오프셋에서 시작하는 문자가 포함되어 있습니다. 이 문자는 현재 원본 문자 집합에서 잘못된 문자입니다(코드 페이지 65001).
C:\Users\Administrator\Desktop\Alex\PacMan\Pacman-Copy.cpp(1,1): warning C4828: 파일에 0x1818 오프셋에서 시작하는 문자가 포함되어 있습니다. 이 문자는 현재 원본 문자 집합에서 잘못된 문자입니다(코드 페이지 65001).
C:\Users\Administrator\Desktop\Alex\PacMan\Pacman-Copy.cpp(1,1): warning C4828: 파일에 0x1819 오프셋에서 시작하는 문자가 포함되어 있습니다. 이 문자는 현재 원본 문자 집합에서 잘못된 문자입니다(코드 페이지 65001).
C:\Users\Administrator\Desktop\Alex\PacMan\Pacman-Copy.cpp(1,1): warning C4828: 파일에 0x181a 오프셋에서 시작하는 문자가 포함되어 있습니다. 이 문자는 현재 원본 문자 집합에서 잘못된 문자입니다(코드 페이지 65001).
C:\Users\Administrator\Desktop\Alex\PacMan\Pacman-Copy.cpp(1,1): warning C4828: 파일에 0x181b 오프셋에서 시작하는 문자가 포함되어 있습니다. 이 문자는 현재 원본 문자 집합에서 잘못된 문자입니다(코드 페이지 65001).
C:\Users\Administrator\Desktop\Alex\PacMan\Pacman-Copy.cpp(1,1): warning C4828: 파일에 0x181d 오프셋에서 시작하는 문자가 포함되어 있습니다. 이 문자는 현재 원본 문자 집합에서 잘못된 문자입니다(코드 페이지 65001).
C:\Users\Administrator\Desktop\Alex\PacMan\Pacman-Copy.cpp(1,1): warning C4828: 파일에 0x181e 오프셋에서 시작하는 문자가 포함되어 있습니다. 이 문자는 현재 원본 문자 집합에서 잘못된 문자입니다(코드 페이지 65001).
C:\Users\Administrator\Desktop\Alex\PacMan\Pacman-Copy.cpp(1,1): warning C4828: 파일에 0x181f 오프셋에서 시작하는 문자가 포함되어 있습니다. 이 문자는 현재 원본 문자 집합에서 잘못된 문자입니다(코드 페이지 65001).
C:\Users\Administrator\Desktop\Alex\PacMan\Pacman-Copy.cpp(1,1): warning C4828: 파일에 0x1820 오프셋에서 시작하는 문자가 포함되어 있습니다. 이 문자는 현재 원본 문자 집합에서 잘못된 문자입니다(코드 페이지 65001).
C:\Users\Administrator\Desktop\Alex\PacMan\Pacman-Copy.cpp(1,1): warning C4828: 파일에 0x184c 오프셋에서 시작하는 문자가 포함되어 있습니다. 이 문자는 현재 원본 문자 집합에서 잘못된 문자입니다(코드 페이지 65001).
C:\Users\Administrator\Desktop\Alex\PacMan\Pacman-Copy.cpp(1,1): warning C4828: 파일에 0x184d 오프셋에서 시작하는 문자가 포함되어 있습니다. 이 문자는 현재 원본 문자 집합에서 잘못된 문자입니다(코드 페이지 65001).
C:\Users\Administrator\Desktop\Alex\PacMan\Pacman-Copy.cpp(1,1): warning C4828: 파일에 0x1851 오프셋에서 시작하는 문자가 포함되어 있습니다. 이 문자는 현재 원본 문자 집합에서 잘못된 문자입니다(코드 페이지 65001).
C:\Users\Administrator\Desktop\Alex\PacMan\Pacman-Copy.cpp(1,1): warning C4828: 파일에 0x1854 오프셋에서 시작하는 문자가 포함되어 있습니다. 이 문자는 현재 원본 문자 집합에서 잘못된 문자입니다(코드 페이지 65001).
C:\Users\Administrator\Desktop\Alex\PacMan\Pacman-Copy.cpp(1,1): warning C4828: 파일에 0x1857 오프셋에서 시작하는 문자가 포함되어 있습니다. 이 문자는 현재 원본 문자 집합에서 잘못된 문자입니다(코드 페이지 65001).
C:\Users\Administrator\Desktop\Alex\PacMan\Pacman-Copy.cpp(1,1): warning C4828: 파일에 0x1858 오프셋에서 시작하는 문자가 포함되어 있습니다. 이 문자는 현재 원본 문자 집합에서 잘못된 문자입니다(코드 페이지 65001).
C:\Users\Administrator\Desktop\Alex\PacMan\Pacman-Copy.cpp(1,1): warning C4828: 파일에 0x185e 오프셋에서 시작하는 문자가 포함되어 있습니다. 이 문자는 현재 원본 문자 집합에서 잘못된 문자입니다(코드 페이지 65001).
C:\Users\Administrator\Desktop\Alex\PacMan\Pacman-Copy.cpp(1,1): warning C4828: 파일에 0x185f 오프셋에서 시작하는 문자가 포함되어 있습니다. 이 문자는 현재 원본 문자 집합에서 잘못된 문자입니다(코드 페이지 65001).
C:\Users\Administrator\Desktop\Alex\PacMan\Pacman-Copy.cpp(1,1): warning C4828: 파일에 0x1876 오프셋에서 시작하는 문자가 포함되어 있습니다. 이 문자는 현재 원본 문자 집합에서 잘못된 문자입니다(코드 페이지 65001).
C:\Users\Administrator\Desktop\Alex\PacMan\Pacman-Copy.cpp(1,1): warning C4828: 파일에 0x1877 오프셋에서 시작하는 문자가 포함되어 있습니다. 이 문자는 현재 원본 문자 집합에서 잘못된 문자입니다(코드 페이지 65001).
C:\Users\Administrator\Desktop\Alex\PacMan\Pacman-Copy.cpp(1,1): warning C4828: 파일에 0x1879 오프셋에서 시작하는 문자가 포함되어 있습니다. 이 문자는 현재 원본 문자 집합에서 잘못된 문자입니다(코드 페이지 65001).
C:\Users\Administrator\Desktop\Alex\PacMan\Pacman-Copy.cpp(1,1): warning C4828: 파일에 0x187b 오프셋에서 시작하는 문자가 포함되어 있습니다. 이 문자는 현재 원본 문자 집합에서 잘못된 문자입니다(코드 페이지 65001).
C:\Users\Administrator\Desktop\Alex\PacMan\Pacman-Copy.cpp(1,1): warning C4828: 파일에 0x187d 오프셋에서 시작하는 문자가 포함되어 있습니다. 이 문자는 현재 원본 문자 집합에서 잘못된 문자입니다(코드 페이지 65001).
C:\Users\Administrator\Desktop\Alex\PacMan\Pacman-Copy.cpp(1,1): warning C4828: 파일에 0x187e 오프셋에서 시작하는 문자가 포함되어 있습니다. 이 문자는 현재 원본 문자 집합에서 잘못된 문자입니다(코드 페이지 65001).
C:\Users\Administrator\Desktop\Alex\PacMan\Pacman-Copy.cpp(1,1): warning C4828: 파일에 0x187f 오프셋에서 시작하는 문자가 포함되어 있습니다. 이 문자는 현재 원본 문자 집합에서 잘못된 문자입니다(코드 페이지 65001).
C:\Users\Administrator\Desktop\Alex\PacMan\Pacman-Copy.cpp(1,1): warning C4828: 파일에 0x1880 오프셋에서 시작하는 문자가 포함되어 있습니다. 이 문자는 현재 원본 문자 집합에서 잘못된 문자입니다(코드 페이지 65001).
C:\Users\Administrator\Desktop\Alex\PacMan\Pacman-Copy.cpp(1,1): warning C4828: 파일에 0x1882 오프셋에서 시작하는 문자가 포함되어 있습니다. 이 문자는 현재 원본 문자 집합에서 잘못된 문자입니다(코드 페이지 65001).
C:\Users\Administrator\Desktop\Alex\PacMan\Pacman-Copy.cpp(1,1): warning C4828: 파일에 0x1883 오프셋에서 시작하는 문자가 포함되어 있습니다. 이 문자는 현재 원본 문자 집합에서 잘못된 문자입니다(코드 페이지 65001).
C:\Users\Administrator\Desktop\Alex\PacMan\Pacman-Copy.cpp(1,1): warning C4828: 파일에 0x1886 오프셋에서 시작하는 문자가 포함되어 있습니다. 이 문자는 현재 원본 문자 집합에서 잘못된 문자입니다(코드 페이지 65001).
C:\Users\Administrator\Desktop\Alex\PacMan\Pacman-Copy.cpp(1,1): warning C4828: 파일에 0x1887 오프셋에서 시작하는 문자가 포함되어 있습니다. 이 문자는 현재 원본 문자 집합에서 잘못된 문자입니다(코드 페이지 65001).
C:\Users\Administrator\Desktop\Alex\PacMan\Pacman-Copy.cpp(1,1): warning C4828: 파일에 0x188a 오프셋에서 시작하는 문자가 포함되어 있습니다. 이 문자는 현재 원본 문자 집합에서 잘못된 문자입니다(코드 페이지 65001).
C:\Users\Administrator\Desktop\Alex\PacMan\Pacman-Copy.cpp(1,1): warning C4828: 파일에 0x188b 오프셋에서 시작하는 문자가 포함되어 있습니다. 이 문자는 현재 원본 문자 집합에서 잘못된 문자입니다(코드 페이지 65001).
C:\Users\Administrator\Desktop\Alex\PacMan\Pacman-Copy.cpp(1,1): warning C4828: 파일에 0x188d 오프셋에서 시작하는 문자가 포함되어 있습니다. 이 문자는 현재 원본 문자 집합에서 잘못된 문자입니다(코드 페이지 65001).
C:\Users\Administrator\Desktop\Alex\PacMan\Pacman-Copy.cpp(1,1): warning C4828: 파일에 0x188e 오프셋에서 시작하는 문자가 포함되어 있습니다. 이 문자는 현재 원본 문자 집합에서 잘못된 문자입니다(코드 페이지 65001).
C:\Users\Administrator\Desktop\Alex\PacMan\Pacman-Copy.cpp(1,1): warning C4828: 파일에 0x188f 오프셋에서 시작하는 문자가 포함되어 있습니다. 이 문자는 현재 원본 문자 집합에서 잘못된 문자입니다(코드 페이지 65001).
C:\Users\Administrator\Desktop\Alex\PacMan\Pacman-Copy.cpp(1,1): warning C4828: 파일에 0x1890 오프셋에서 시작하는 문자가 포함되어 있습니다. 이 문자는 현재 원본 문자 집합에서 잘못된 문자입니다(코드 페이지 65001).
C:\Users\Administrator\Desktop\Alex\PacMan\Pacman-Copy.cpp(1,1): warning C4828: 파일에 0x1893 오프셋에서 시작하는 문자가 포함되어 있습니다. 이 문자는 현재 원본 문자 집합에서 잘못된 문자입니다(코드 페이지 65001).
C:\Users\Administrator\Desktop\Alex\PacMan\Pacman-Copy.cpp(1,1): warning C4828: 파일에 0x1895 오프셋에서 시작하는 문자가 포함되어 있습니다. 이 문자는 현재 원본 문자 집합에서 잘못된 문자입니다(코드 페이지 65001).
C:\Users\Administrator\Desktop\Alex\PacMan\Pacman-Copy.cpp(1,1): warning C4828: 파일에 0x1896 오프셋에서 시작하는 문자가 포함되어 있습니다. 이 문자는 현재 원본 문자 집합에서 잘못된 문자입니다(코드 페이지 65001).
C:\Users\Administrator\Desktop\Alex\PacMan\Pacman-Copy.cpp(1,1): warning C4828: 파일에 0x1943 오프셋에서 시작하는 문자가 포함되어 있습니다. 이 문자는 현재 원본 문자 집합에서 잘못된 문자입니다(코드 페이지 65001).
C:\Users\Administrator\Desktop\Alex\PacMan\Pacman-Copy.cpp(1,1): warning C4828: 파일에 0x1944 오프셋에서 시작하는 문자가 포함되어 있습니다. 이 문자는 현재 원본 문자 집합에서 잘못된 문자입니다(코드 페이지 65001).
C:\Users\Administrator\Desktop\Alex\PacMan\Pacman-Copy.cpp(1,1): warning C4828: 파일에 0x1945 오프셋에서 시작하는 문자가 포함되어 있습니다. 이 문자는 현재 원본 문자 집합에서 잘못된 문자입니다(코드 페이지 65001).
C:\Users\Administrator\Desktop\Alex\PacMan\Pacman-Copy.cpp(1,1): warning C4828: 파일에 0x1948 오프셋에서 시작하는 문자가 포함되어 있습니다. 이 문자는 현재 원본 문자 집합에서 잘못된 문자입니다(코드 페이지 65001).
C:\Users\Administrator\Desktop\Alex\PacMan\Pacman-Copy.cpp(1,1): warning C4828: 파일에 0x194a 오프셋에서 시작하는 문자가 포함되어 있습니다. 이 문자는 현재 원본 문자 집합에서 잘못된 문자입니다(코드 페이지 65001).
C:\Users\Administrator\Desktop\Alex\PacMan\Pacman-Copy.cpp(1,1): warning C4828: 파일에 0x194b 오프셋에서 시작하는 문자가 포함되어 있습니다. 이 문자는 현재 원본 문자 집합에서 잘못된 문자입니다(코드 페이지 65001).
C:\Users\Administrator\Desktop\Alex\PacMan\Pacman-Copy.cpp(1,1): warning C4828: 파일에 0x194e 오프셋에서 시작하는 문자가 포함되어 있습니다. 이 문자는 현재 원본 문자 집합에서 잘못된 문자입니다(코드 페이지 65001).
C:\Users\Administrator\Desktop\Alex\PacMan\Pacman-Copy.cpp(1,1): warning C4828: 파일에 0x194f 오프셋에서 시작하는 문자가 포함되어 있습니다. 이 문자는 현재 원본 문자 집합에서 잘못된 문자입니다(코드 페이지 65001).
C:\Users\Administrator\Desktop\Alex\PacMan\Pacman-Copy.cpp(1,1): warning C4828: 파일에 0x1951 오프셋에서 시작하는 문자가 포함되어 있습니다. 이 문자는 현재 원본 문자 집합에서 잘못된 문자입니다(코드 페이지 65001).
C:\Users\Administrator\Desktop\Alex\PacMan\Pacman-Copy.cpp(1,1): warning C4828: 파일에 0x1952 오프셋에서 시작하는 문자가 포함되어 있습니다. 이 문자는 현재 원본 문자 집합에서 잘못된 문자입니다(코드 페이지 65001).
C:\Users\Administrator\Desktop\Alex\PacMan\Pacman-Copy.cpp(1,1): warning C4828: 파일에 0x1953 오프셋에서 시작하는 문자가 포함되어 있습니다. 이 문자는 현재 원본 문자 집합에서 잘못된 문자입니다(코드 페이지 65001).
C:\Users\Administrator\Desktop\Alex\PacMan\Pacman-Copy.cpp(1,1): warning C4828: 파일에 0x1954 오프셋에서 시작하는 문자가 포함되어 있습니다. 이 문자는 현재 원본 문자 집합에서 잘못된 문자입니다(코드 페이지 65001).
C:\Users\Administrator\Desktop\Alex\PacMan\Pacman-Copy.cpp(1,1): warning C4828: 파일에 0x1958 오프셋에서 시작하는 문자가 포함되어 있습니다. 이 문자는 현재 원본 문자 집합에서 잘못된 문자입니다(코드 페이지 65001).
C:\Users\Administrator\Desktop\Alex\PacMan\Pacman-Copy.cpp(1,1): warning C4828: 파일에 0x1a8e 오프셋에서 시작하는 문자가 포함되어 있습니다. 이 문자는 현재 원본 문자 집합에서 잘못된 문자입니다(코드 페이지 65001).
C:\Users\Administrator\Desktop\Alex\PacMan\Pacman-Copy.cpp(1,1): warning C4828: 파일에 0x1a8f 오프셋에서 시작하는 문자가 포함되어 있습니다. 이 문자는 현재 원본 문자 집합에서 잘못된 문자입니다(코드 페이지 65001).
C:\Users\Administrator\Desktop\Alex\PacMan\Pacman-Copy.cpp(1,1): warning C4828: 파일에 0x1a90 오프셋에서 시작하는 문자가 포함되어 있습니다. 이 문자는 현재 원본 문자 집합에서 잘못된 문자입니다(코드 페이지 65001).
C:\Users\Administrator\Desktop\Alex\PacMan\Pacman-Copy.cpp(1,1): warning C4828: 파일에 0x1a91 오프셋에서 시작하는 문자가 포함되어 있습니다. 이 문자는 현재 원본 문자 집합에서 잘못된 문자입니다(코드 페이지 65001).
C:\Users\Administrator\Desktop\Alex\PacMan\Pacman-Copy.cpp(1,1): warning C4828: 파일에 0x1a93 오프셋에서 시작하는 문자가 포함되어 있습니다. 이 문자는 현재 원본 문자 집합에서 잘못된 문자입니다(코드 페이지 65001).
C:\Users\Administrator\Desktop\Alex\PacMan\Pacman-Copy.cpp(1,1): warning C4828: 파일에 0x1a94 오프셋에서 시작하는 문자가 포함되어 있습니다. 이 문자는 현재 원본 문자 집합에서 잘못된 문자입니다(코드 페이지 65001).
C:\Users\Administrator\Desktop\Alex\PacMan\Pacman-Copy.cpp(1,1): warning C4828: 파일에 0x1a98 오프셋에서 시작하는 문자가 포함되어 있습니다. 이 문자는 현재 원본 문자 집합에서 잘못된 문자입니다(코드 페이지 65001).
C:\Users\Administrator\Desktop\Alex\PacMan\Pacman-Copy.cpp(1,1): warning C4828: 파일에 0x1aa4 오프셋에서 시작하는 문자가 포함되어 있습니다. 이 문자는 현재 원본 문자 집합에서 잘못된 문자입니다(코드 페이지 65001).
C:\Users\Administrator\Desktop\Alex\PacMan\Pacman-Copy.cpp(1,1): warning C4828: 파일에 0x1aa5 오프셋에서 시작하는 문자가 포함되어 있습니다. 이 문자는 현재 원본 문자 집합에서 잘못된 문자입니다(코드 페이지 65001).
C:\Users\Administrator\Desktop\Alex\PacMan\Pacman-Copy.cpp(1,1): warning C4828: 파일에 0x1aa7 오프셋에서 시작하는 문자가 포함되어 있습니다. 이 문자는 현재 원본 문자 집합에서 잘못된 문자입니다(코드 페이지 65001).
C:\Users\Administrator\Desktop\Alex\PacMan\Pacman-master.cpp(1,1): warning C4828: 파일에 0x321 오프셋에서 시작하는 문자가 포함되어 있습니다. 이 문자는 현재 원본 문자 집합에서 잘못된 문자입니다(코드 페이지 65001).
C:\Users\Administrator\Desktop\Alex\PacMan\Pacman-master.cpp(1,1): warning C4828: 파일에 0x322 오프셋에서 시작하는 문자가 포함되어 있습니다. 이 문자는 현재 원본 문자 집합에서 잘못된 문자입니다(코드 페이지 65001).
C:\Users\Administrator\Desktop\Alex\PacMan\Pacman-master.cpp(1,1): warning C4828: 파일에 0x324 오프셋에서 시작하는 문자가 포함되어 있습니다. 이 문자는 현재 원본 문자 집합에서 잘못된 문자입니다(코드 페이지 65001).
C:\Users\Administrator\Desktop\Alex\PacMan\Pacman-master.cpp(1,1): warning C4828: 파일에 0x325 오프셋에서 시작하는 문자가 포함되어 있습니다. 이 문자는 현재 원본 문자 집합에서 잘못된 문자입니다(코드 페이지 65001).
C:\Users\Administrator\Desktop\Alex\PacMan\Pacman-master.cpp(1,1): warning C4828: 파일에 0x326 오프셋에서 시작하는 문자가 포함되어 있습니다. 이 문자는 현재 원본 문자 집합에서 잘못된 문자입니다(코드 페이지 65001).
C:\Users\Administrator\Desktop\Alex\PacMan\Pacman-master.cpp(1,1): warning C4828: 파일에 0x327 오프셋에서 시작하는 문자가 포함되어 있습니다. 이 문자는 현재 원본 문자 집합에서 잘못된 문자입니다(코드 페이지 65001).
C:\Users\Administrator\Desktop\Alex\PacMan\Pacman-master.cpp(1,1): warning C4828: 파일에 0x44c 오프셋에서 시작하는 문자가 포함되어 있습니다. 이 문자는 현재 원본 문자 집합에서 잘못된 문자입니다(코드 페이지 65001).
C:\Users\Administrator\Desktop\Alex\PacMan\Pacman-master.cpp(1,1): warning C4828: 파일에 0x44d 오프셋에서 시작하는 문자가 포함되어 있습니다. 이 문자는 현재 원본 문자 집합에서 잘못된 문자입니다(코드 페이지 65001).
C:\Users\Administrator\Desktop\Alex\PacMan\Pacman-master.cpp(1,1): warning C4828: 파일에 0x451 오프셋에서 시작하는 문자가 포함되어 있습니다. 이 문자는 현재 원본 문자 집합에서 잘못된 문자입니다(코드 페이지 65001).
C:\Users\Administrator\Desktop\Alex\PacMan\Pacman-master.cpp(1,1): warning C4828: 파일에 0x452 오프셋에서 시작하는 문자가 포함되어 있습니다. 이 문자는 현재 원본 문자 집합에서 잘못된 문자입니다(코드 페이지 65001).
C:\Users\Administrator\Desktop\Alex\PacMan\Pacman-master.cpp(1,1): warning C4828: 파일에 0x454 오프셋에서 시작하는 문자가 포함되어 있습니다. 이 문자는 현재 원본 문자 집합에서 잘못된 문자입니다(코드 페이지 65001).
C:\Users\Administrator\Desktop\Alex\PacMan\Pacman-master.cpp(1,1): warning C4828: 파일에 0x456 오프셋에서 시작하는 문자가 포함되어 있습니다. 이 문자는 현재 원본 문자 집합에서 잘못된 문자입니다(코드 페이지 65001).
C:\Users\Administrator\Desktop\Alex\PacMan\Pacman-master.cpp(1,1): warning C4828: 파일에 0x457 오프셋에서 시작하는 문자가 포함되어 있습니다. 이 문자는 현재 원본 문자 집합에서 잘못된 문자입니다(코드 페이지 65001).
C:\Users\Administrator\Desktop\Alex\PacMan\Pacman-master.cpp(1,1): warning C4828: 파일에 0x458 오프셋에서 시작하는 문자가 포함되어 있습니다. 이 문자는 현재 원본 문자 집합에서 잘못된 문자입니다(코드 페이지 65001).
C:\Users\Administrator\Desktop\Alex\PacMan\Pacman-master.cpp(1,1): warning C4828: 파일에 0x45b 오프셋에서 시작하는 문자가 포함되어 있습니다. 이 문자는 현재 원본 문자 집합에서 잘못된 문자입니다(코드 페이지 65001).
C:\Users\Administrator\Desktop\Alex\PacMan\Pacman-master.cpp(1,1): warning C4828: 파일에 0x45c 오프셋에서 시작하는 문자가 포함되어 있습니다. 이 문자는 현재 원본 문자 집합에서 잘못된 문자입니다(코드 페이지 65001).
C:\Users\Administrator\Desktop\Alex\PacMan\Pacman-master.cpp(1,1): warning C4828: 파일에 0x45d 오프셋에서 시작하는 문자가 포함되어 있습니다. 이 문자는 현재 원본 문자 집합에서 잘못된 문자입니다(코드 페이지 65001).
C:\Users\Administrator\Desktop\Alex\PacMan\Pacman-master.cpp(1,1): warning C4828: 파일에 0x45f 오프셋에서 시작하는 문자가 포함되어 있습니다. 이 문자는 현재 원본 문자 집합에서 잘못된 문자입니다(코드 페이지 65001).
C:\Users\Administrator\Desktop\Alex\PacMan\Pacman-master.cpp(1,1): warning C4828: 파일에 0x460 오프셋에서 시작하는 문자가 포함되어 있습니다. 이 문자는 현재 원본 문자 집합에서 잘못된 문자입니다(코드 페이지 65001).
C:\Users\Administrator\Desktop\Alex\PacMan\Pacman-master.cpp(1,1): warning C4828: 파일에 0x461 오프셋에서 시작하는 문자가 포함되어 있습니다. 이 문자는 현재 원본 문자 집합에서 잘못된 문자입니다(코드 페이지 65001).
C:\Users\Administrator\Desktop\Alex\PacMan\Pacman-master.cpp(1,1): warning C4828: 파일에 0x462 오프셋에서 시작하는 문자가 포함되어 있습니다. 이 문자는 현재 원본 문자 집합에서 잘못된 문자입니다(코드 페이지 65001).
C:\Users\Administrator\Desktop\Alex\PacMan\Pacman-master.cpp(1,1): warning C4828: 파일에 0x4f8 오프셋에서 시작하는 문자가 포함되어 있습니다. 이 문자는 현재 원본 문자 집합에서 잘못된 문자입니다(코드 페이지 65001).
C:\Users\Administrator\Desktop\Alex\PacMan\Pacman-master.cpp(1,1): warning C4828: 파일에 0x4fa 오프셋에서 시작하는 문자가 포함되어 있습니다. 이 문자는 현재 원본 문자 집합에서 잘못된 문자입니다(코드 페이지 65001).
C:\Users\Administrator\Desktop\Alex\PacMan\Pacman-master.cpp(1,1): warning C4828: 파일에 0x4fb 오프셋에서 시작하는 문자가 포함되어 있습니다. 이 문자는 현재 원본 문자 집합에서 잘못된 문자입니다(코드 페이지 65001).
C:\Users\Administrator\Desktop\Alex\PacMan\Pacman-master.cpp(1,1): warning C4828: 파일에 0x4fc 오프셋에서 시작하는 문자가 포함되어 있습니다. 이 문자는 현재 원본 문자 집합에서 잘못된 문자입니다(코드 페이지 65001).
C:\Users\Administrator\Desktop\Alex\PacMan\Pacman-master.cpp(1,1): warning C4828: 파일에 0x4fd 오프셋에서 시작하는 문자가 포함되어 있습니다. 이 문자는 현재 원본 문자 집합에서 잘못된 문자입니다(코드 페이지 65001).
C:\Users\Administrator\Desktop\Alex\PacMan\Pacman-master.cpp(1,1): warning C4828: 파일에 0x4ff 오프셋에서 시작하는 문자가 포함되어 있습니다. 이 문자는 현재 원본 문자 집합에서 잘못된 문자입니다(코드 페이지 65001).
C:\Users\Administrator\Desktop\Alex\PacMan\Pacman-master.cpp(1,1): warning C4828: 파일에 0x500 오프셋에서 시작하는 문자가 포함되어 있습니다. 이 문자는 현재 원본 문자 집합에서 잘못된 문자입니다(코드 페이지 65001).
C:\Users\Administrator\Desktop\Alex\PacMan\Pacman-master.cpp(1,1): warning C4828: 파일에 0x502 오프셋에서 시작하는 문자가 포함되어 있습니다. 이 문자는 현재 원본 문자 집합에서 잘못된 문자입니다(코드 페이지 65001).
C:\Users\Administrator\Desktop\Alex\PacMan\Pacman-master.cpp(1,1): warning C4828: 파일에 0x504 오프셋에서 시작하는 문자가 포함되어 있습니다. 이 문자는 현재 원본 문자 집합에서 잘못된 문자입니다(코드 페이지 65001).
C:\Users\Administrator\Desktop\Alex\PacMan\Pacman-master.cpp(1,1): warning C4828: 파일에 0x505 오프셋에서 시작하는 문자가 포함되어 있습니다. 이 문자는 현재 원본 문자 집합에서 잘못된 문자입니다(코드 페이지 65001).
C:\Users\Administrator\Desktop\Alex\PacMan\Pacman-master.cpp(1,1): warning C4828: 파일에 0x57b 오프셋에서 시작하는 문자가 포함되어 있습니다. 이 문자는 현재 원본 문자 집합에서 잘못된 문자입니다(코드 페이지 65001).
C:\Users\Administrator\Desktop\Alex\PacMan\Pacman-master.cpp(1,1): warning C4828: 파일에 0x57c 오프셋에서 시작하는 문자가 포함되어 있습니다. 이 문자는 현재 원본 문자 집합에서 잘못된 문자입니다(코드 페이지 65001).
C:\Users\Administrator\Desktop\Alex\PacMan\Pacman-master.cpp(1,1): warning C4828: 파일에 0x57e 오프셋에서 시작하는 문자가 포함되어 있습니다. 이 문자는 현재 원본 문자 집합에서 잘못된 문자입니다(코드 페이지 65001).
C:\Users\Administrator\Desktop\Alex\PacMan\Pacman-master.cpp(1,1): warning C4828: 파일에 0x580 오프셋에서 시작하는 문자가 포함되어 있습니다. 이 문자는 현재 원본 문자 집합에서 잘못된 문자입니다(코드 페이지 65001).
C:\Users\Administrator\Desktop\Alex\PacMan\Pacman-master.cpp(1,1): warning C4828: 파일에 0x581 오프셋에서 시작하는 문자가 포함되어 있습니다. 이 문자는 현재 원본 문자 집합에서 잘못된 문자입니다(코드 페이지 65001).
C:\Users\Administrator\Desktop\Alex\PacMan\Pacman-master.cpp(1,1): warning C4828: 파일에 0x585 오프셋에서 시작하는 문자가 포함되어 있습니다. 이 문자는 현재 원본 문자 집합에서 잘못된 문자입니다(코드 페이지 65001).
C:\Users\Administrator\Desktop\Alex\PacMan\Pacman-master.cpp(1,1): warning C4828: 파일에 0x586 오프셋에서 시작하는 문자가 포함되어 있습니다. 이 문자는 현재 원본 문자 집합에서 잘못된 문자입니다(코드 페이지 65001).
C:\Users\Administrator\Desktop\Alex\PacMan\Pacman-master.cpp(1,1): warning C4828: 파일에 0x588 오프셋에서 시작하는 문자가 포함되어 있습니다. 이 문자는 현재 원본 문자 집합에서 잘못된 문자입니다(코드 페이지 65001).
C:\Users\Administrator\Desktop\Alex\PacMan\Pacman-master.cpp(1,1): warning C4828: 파일에 0x589 오프셋에서 시작하는 문자가 포함되어 있습니다. 이 문자는 현재 원본 문자 집합에서 잘못된 문자입니다(코드 페이지 65001).
C:\Users\Administrator\Desktop\Alex\PacMan\Pacman-master.cpp(1,1): warning C4828: 파일에 0x58a 오프셋에서 시작하는 문자가 포함되어 있습니다. 이 문자는 현재 원본 문자 집합에서 잘못된 문자입니다(코드 페이지 65001).
C:\Users\Administrator\Desktop\Alex\PacMan\Pacman-master.cpp(1,1): warning C4828: 파일에 0x58c 오프셋에서 시작하는 문자가 포함되어 있습니다. 이 문자는 현재 원본 문자 집합에서 잘못된 문자입니다(코드 페이지 65001).
C:\Users\Administrator\Desktop\Alex\PacMan\Pacman-master.cpp(1,1): warning C4828: 파일에 0x58d 오프셋에서 시작하는 문자가 포함되어 있습니다. 이 문자는 현재 원본 문자 집합에서 잘못된 문자입니다(코드 페이지 65001).
C:\Users\Administrator\Desktop\Alex\PacMan\Pacman-master.cpp(1,1): warning C4828: 파일에 0x593 오프셋에서 시작하는 문자가 포함되어 있습니다. 이 문자는 현재 원본 문자 집합에서 잘못된 문자입니다(코드 페이지 65001).
C:\Users\Administrator\Desktop\Alex\PacMan\Pacman-master.cpp(1,1): warning C4828: 파일에 0x595 오프셋에서 시작하는 문자가 포함되어 있습니다. 이 문자는 현재 원본 문자 집합에서 잘못된 문자입니다(코드 페이지 65001).
C:\Users\Administrator\Desktop\Alex\PacMan\Pacman-master.cpp(1,1): warning C4828: 파일에 0x596 오프셋에서 시작하는 문자가 포함되어 있습니다. 이 문자는 현재 원본 문자 집합에서 잘못된 문자입니다(코드 페이지 65001).
C:\Users\Administrator\Desktop\Alex\PacMan\Pacman-master.cpp(1,1): warning C4828: 파일에 0x59a 오프셋에서 시작하는 문자가 포함되어 있습니다. 이 문자는 현재 원본 문자 집합에서 잘못된 문자입니다(코드 페이지 65001).
C:\Users\Administrator\Desktop\Alex\PacMan\Pacman-master.cpp(1,1): warning C4828: 파일에 0x59d 오프셋에서 시작하는 문자가 포함되어 있습니다. 이 문자는 현재 원본 문자 집합에서 잘못된 문자입니다(코드 페이지 65001).
C:\Users\Administrator\Desktop\Alex\PacMan\Pacman-master.cpp(1,1): warning C4828: 파일에 0x59f 오프셋에서 시작하는 문자가 포함되어 있습니다. 이 문자는 현재 원본 문자 집합에서 잘못된 문자입니다(코드 페이지 65001).
C:\Users\Administrator\Desktop\Alex\PacMan\Pacman-master.cpp(1,1): warning C4828: 파일에 0x5a0 오프셋에서 시작하는 문자가 포함되어 있습니다. 이 문자는 현재 원본 문자 집합에서 잘못된 문자입니다(코드 페이지 65001).
C:\Users\Administrator\Desktop\Alex\PacMan\Pacman-master.cpp(1,1): warning C4828: 파일에 0x5a1 오프셋에서 시작하는 문자가 포함되어 있습니다. 이 문자는 현재 원본 문자 집합에서 잘못된 문자입니다(코드 페이지 65001).
C:\Users\Administrator\Desktop\Alex\PacMan\Pacman-master.cpp(1,1): warning C4828: 파일에 0x5a2 오프셋에서 시작하는 문자가 포함되어 있습니다. 이 문자는 현재 원본 문자 집합에서 잘못된 문자입니다(코드 페이지 65001).
C:\Users\Administrator\Desktop\Alex\PacMan\Pacman-master.cpp(1,1): warning C4828: 파일에 0x6f6 오프셋에서 시작하는 문자가 포함되어 있습니다. 이 문자는 현재 원본 문자 집합에서 잘못된 문자입니다(코드 페이지 65001).
C:\Users\Administrator\Desktop\Alex\PacMan\Pacman-master.cpp(1,1): warning C4828: 파일에 0x6f7 오프셋에서 시작하는 문자가 포함되어 있습니다. 이 문자는 현재 원본 문자 집합에서 잘못된 문자입니다(코드 페이지 65001).
C:\Users\Administrator\Desktop\Alex\PacMan\Pacman-master.cpp(1,1): warning C4828: 파일에 0x6f9 오프셋에서 시작하는 문자가 포함되어 있습니다. 이 문자는 현재 원본 문자 집합에서 잘못된 문자입니다(코드 페이지 65001).
C:\Users\Administrator\Desktop\Alex\PacMan\Pacman-master.cpp(1,1): warning C4828: 파일에 0x6fb 오프셋에서 시작하는 문자가 포함되어 있습니다. 이 문자는 현재 원본 문자 집합에서 잘못된 문자입니다(코드 페이지 65001).
C:\Users\Administrator\Desktop\Alex\PacMan\Pacman-master.cpp(1,1): warning C4828: 파일에 0x6fc 오프셋에서 시작하는 문자가 포함되어 있습니다. 이 문자는 현재 원본 문자 집합에서 잘못된 문자입니다(코드 페이지 65001).
C:\Users\Administrator\Desktop\Alex\PacMan\Pacman-master.cpp(1,1): warning C4828: 파일에 0x6fe 오프셋에서 시작하는 문자가 포함되어 있습니다. 이 문자는 현재 원본 문자 집합에서 잘못된 문자입니다(코드 페이지 65001).
C:\Users\Administrator\Desktop\Alex\PacMan\Pacman-master.cpp(1,1): warning C4828: 파일에 0x702 오프셋에서 시작하는 문자가 포함되어 있습니다. 이 문자는 현재 원본 문자 집합에서 잘못된 문자입니다(코드 페이지 65001).
C:\Users\Administrator\Desktop\Alex\PacMan\Pacman-master.cpp(1,1): warning C4828: 파일에 0x703 오프셋에서 시작하는 문자가 포함되어 있습니다. 이 문자는 현재 원본 문자 집합에서 잘못된 문자입니다(코드 페이지 65001).
C:\Users\Administrator\Desktop\Alex\PacMan\Pacman-master.cpp(1,1): warning C4828: 파일에 0x705 오프셋에서 시작하는 문자가 포함되어 있습니다. 이 문자는 현재 원본 문자 집합에서 잘못된 문자입니다(코드 페이지 65001).
C:\Users\Administrator\Desktop\Alex\PacMan\Pacman-master.cpp(1,1): warning C4828: 파일에 0x706 오프셋에서 시작하는 문자가 포함되어 있습니다. 이 문자는 현재 원본 문자 집합에서 잘못된 문자입니다(코드 페이지 65001).
C:\Users\Administrator\Desktop\Alex\PacMan\Pacman-master.cpp(1,1): warning C4828: 파일에 0x70a 오프셋에서 시작하는 문자가 포함되어 있습니다. 이 문자는 현재 원본 문자 집합에서 잘못된 문자입니다(코드 페이지 65001).
C:\Users\Administrator\Desktop\Alex\PacMan\Pacman-master.cpp(1,1): warning C4828: 파일에 0x70b 오프셋에서 시작하는 문자가 포함되어 있습니다. 이 문자는 현재 원본 문자 집합에서 잘못된 문자입니다(코드 페이지 65001).
C:\Users\Administrator\Desktop\Alex\PacMan\Pacman-master.cpp(1,1): warning C4828: 파일에 0x70c 오프셋에서 시작하는 문자가 포함되어 있습니다. 이 문자는 현재 원본 문자 집합에서 잘못된 문자입니다(코드 페이지 65001).
C:\Users\Administrator\Desktop\Alex\PacMan\Pacman-master.cpp(1,1): warning C4828: 파일에 0x70f 오프셋에서 시작하는 문자가 포함되어 있습니다. 이 문자는 현재 원본 문자 집합에서 잘못된 문자입니다(코드 페이지 65001).
C:\Users\Administrator\Desktop\Alex\PacMan\Pacman-master.cpp(1,1): warning C4828: 파일에 0x883 오프셋에서 시작하는 문자가 포함되어 있습니다. 이 문자는 현재 원본 문자 집합에서 잘못된 문자입니다(코드 페이지 65001).
C:\Users\Administrator\Desktop\Alex\PacMan\Pacman-master.cpp(1,1): warning C4828: 파일에 0x885 오프셋에서 시작하는 문자가 포함되어 있습니다. 이 문자는 현재 원본 문자 집합에서 잘못된 문자입니다(코드 페이지 65001).
C:\Users\Administrator\Desktop\Alex\PacMan\Pacman-master.cpp(1,1): warning C4828: 파일에 0x886 오프셋에서 시작하는 문자가 포함되어 있습니다. 이 문자는 현재 원본 문자 집합에서 잘못된 문자입니다(코드 페이지 65001).
C:\Users\Administrator\Desktop\Alex\PacMan\Pacman-master.cpp(1,1): warning C4828: 파일에 0x889 오프셋에서 시작하는 문자가 포함되어 있습니다. 이 문자는 현재 원본 문자 집합에서 잘못된 문자입니다(코드 페이지 65001).
C:\Users\Administrator\Desktop\Alex\PacMan\Pacman-master.cpp(1,1): warning C4828: 파일에 0x88b 오프셋에서 시작하는 문자가 포함되어 있습니다. 이 문자는 현재 원본 문자 집합에서 잘못된 문자입니다(코드 페이지 65001).
C:\Users\Administrator\Desktop\Alex\PacMan\Pacman-master.cpp(1,1): warning C4828: 파일에 0x88d 오프셋에서 시작하는 문자가 포함되어 있습니다. 이 문자는 현재 원본 문자 집합에서 잘못된 문자입니다(코드 페이지 65001).
C:\Users\Administrator\Desktop\Alex\PacMan\Pacman-master.cpp(1,1): warning C4828: 파일에 0x88e 오프셋에서 시작하는 문자가 포함되어 있습니다. 이 문자는 현재 원본 문자 집합에서 잘못된 문자입니다(코드 페이지 65001).
C:\Users\Administrator\Desktop\Alex\PacMan\Pacman-master.cpp(1,1): warning C4828: 파일에 0x88f 오프셋에서 시작하는 문자가 포함되어 있습니다. 이 문자는 현재 원본 문자 집합에서 잘못된 문자입니다(코드 페이지 65001).
C:\Users\Administrator\Desktop\Alex\PacMan\Pacman-master.cpp(1,1): warning C4828: 파일에 0x890 오프셋에서 시작하는 문자가 포함되어 있습니다. 이 문자는 현재 원본 문자 집합에서 잘못된 문자입니다(코드 페이지 65001).
C:\Users\Administrator\Desktop\Alex\PacMan\Pacman-master.cpp(1,1): warning C4828: 파일에 0x894 오프셋에서 시작하는 문자가 포함되어 있습니다. 이 문자는 현재 원본 문자 집합에서 잘못된 문자입니다(코드 페이지 65001).
C:\Users\Administrator\Desktop\Alex\PacMan\Pacman-master.cpp(1,1): warning C4828: 파일에 0x895 오프셋에서 시작하는 문자가 포함되어 있습니다. 이 문자는 현재 원본 문자 집합에서 잘못된 문자입니다(코드 페이지 65001).
C:\Users\Administrator\Desktop\Alex\PacMan\Pacman-master.cpp(1,1): warning C4828: 파일에 0xa67 오프셋에서 시작하는 문자가 포함되어 있습니다. 이 문자는 현재 원본 문자 집합에서 잘못된 문자입니다(코드 페이지 65001).
C:\Users\Administrator\Desktop\Alex\PacMan\Pacman-master.cpp(1,1): warning C4828: 파일에 0xa69 오프셋에서 시작하는 문자가 포함되어 있습니다. 이 문자는 현재 원본 문자 집합에서 잘못된 문자입니다(코드 페이지 65001).
C:\Users\Administrator\Desktop\Alex\PacMan\Pacman-master.cpp(1,1): warning C4828: 파일에 0xa6a 오프셋에서 시작하는 문자가 포함되어 있습니다. 이 문자는 현재 원본 문자 집합에서 잘못된 문자입니다(코드 페이지 65001).
C:\Users\Administrator\Desktop\Alex\PacMan\Pacman-master.cpp(1,1): warning C4828: 파일에 0xa6f 오프셋에서 시작하는 문자가 포함되어 있습니다. 이 문자는 현재 원본 문자 집합에서 잘못된 문자입니다(코드 페이지 65001).
C:\Users\Administrator\Desktop\Alex\PacMan\Pacman-master.cpp(1,1): warning C4828: 파일에 0xa70 오프셋에서 시작하는 문자가 포함되어 있습니다. 이 문자는 현재 원본 문자 집합에서 잘못된 문자입니다(코드 페이지 65001).
C:\Users\Administrator\Desktop\Alex\PacMan\Pacman-master.cpp(1,1): warning C4828: 파일에 0xa71 오프셋에서 시작하는 문자가 포함되어 있습니다. 이 문자는 현재 원본 문자 집합에서 잘못된 문자입니다(코드 페이지 65001).
C:\Users\Administrator\Desktop\Alex\PacMan\Pacman-master.cpp(1,1): warning C4828: 파일에 0xa72 오프셋에서 시작하는 문자가 포함되어 있습니다. 이 문자는 현재 원본 문자 집합에서 잘못된 문자입니다(코드 페이지 65001).
C:\Users\Administrator\Desktop\Alex\PacMan\Pacman-master.cpp(1,1): warning C4828: 파일에 0xa74 오프셋에서 시작하는 문자가 포함되어 있습니다. 이 문자는 현재 원본 문자 집합에서 잘못된 문자입니다(코드 페이지 65001).
C:\Users\Administrator\Desktop\Alex\PacMan\Pacman-master.cpp(1,1): warning C4828: 파일에 0xa75 오프셋에서 시작하는 문자가 포함되어 있습니다. 이 문자는 현재 원본 문자 집합에서 잘못된 문자입니다(코드 페이지 65001).
C:\Users\Administrator\Desktop\Alex\PacMan\Pacman-master.cpp(1,1): warning C4828: 파일에 0xae9 오프셋에서 시작하는 문자가 포함되어 있습니다. 이 문자는 현재 원본 문자 집합에서 잘못된 문자입니다(코드 페이지 65001).
C:\Users\Administrator\Desktop\Alex\PacMan\Pacman-master.cpp(1,1): warning C4828: 파일에 0xaea 오프셋에서 시작하는 문자가 포함되어 있습니다. 이 문자는 현재 원본 문자 집합에서 잘못된 문자입니다(코드 페이지 65001).
C:\Users\Administrator\Desktop\Alex\PacMan\Pacman-master.cpp(1,1): warning C4828: 파일에 0xaeb 오프셋에서 시작하는 문자가 포함되어 있습니다. 이 문자는 현재 원본 문자 집합에서 잘못된 문자입니다(코드 페이지 65001).
C:\Users\Administrator\Desktop\Alex\PacMan\Pacman-master.cpp(1,1): warning C4828: 파일에 0xaee 오프셋에서 시작하는 문자가 포함되어 있습니다. 이 문자는 현재 원본 문자 집합에서 잘못된 문자입니다(코드 페이지 65001).
C:\Users\Administrator\Desktop\Alex\PacMan\Pacman-master.cpp(1,1): warning C4828: 파일에 0xb66 오프셋에서 시작하는 문자가 포함되어 있습니다. 이 문자는 현재 원본 문자 집합에서 잘못된 문자입니다(코드 페이지 65001).
C:\Users\Administrator\Desktop\Alex\PacMan\Pacman-master.cpp(1,1): warning C4828: 파일에 0xb67 오프셋에서 시작하는 문자가 포함되어 있습니다. 이 문자는 현재 원본 문자 집합에서 잘못된 문자입니다(코드 페이지 65001).
C:\Users\Administrator\Desktop\Alex\PacMan\Pacman-master.cpp(1,1): warning C4828: 파일에 0xb68 오프셋에서 시작하는 문자가 포함되어 있습니다. 이 문자는 현재 원본 문자 집합에서 잘못된 문자입니다(코드 페이지 65001).
C:\Users\Administrator\Desktop\Alex\PacMan\Pacman-master.cpp(1,1): warning C4828: 파일에 0xb69 오프셋에서 시작하는 문자가 포함되어 있습니다. 이 문자는 현재 원본 문자 집합에서 잘못된 문자입니다(코드 페이지 65001).
C:\Users\Administrator\Desktop\Alex\PacMan\Pacman-master.cpp(1,1): warning C4828: 파일에 0xbdc 오프셋에서 시작하는 문자가 포함되어 있습니다. 이 문자는 현재 원본 문자 집합에서 잘못된 문자입니다(코드 페이지 65001).
C:\Users\Administrator\Desktop\Alex\PacMan\Pacman-master.cpp(1,1): warning C4828: 파일에 0xbdd 오프셋에서 시작하는 문자가 포함되어 있습니다. 이 문자는 현재 원본 문자 집합에서 잘못된 문자입니다(코드 페이지 65001).
C:\Users\Administrator\Desktop\Alex\PacMan\Pacman-master.cpp(1,1): warning C4828: 파일에 0xbe0 오프셋에서 시작하는 문자가 포함되어 있습니다. 이 문자는 현재 원본 문자 집합에서 잘못된 문자입니다(코드 페이지 65001).
C:\Users\Administrator\Desktop\Alex\PacMan\Pacman-master.cpp(1,1): warning C4828: 파일에 0xbe1 오프셋에서 시작하는 문자가 포함되어 있습니다. 이 문자는 현재 원본 문자 집합에서 잘못된 문자입니다(코드 페이지 65001).
C:\Users\Administrator\Desktop\Alex\PacMan\Pacman-master.cpp(1,1): warning C4828: 파일에 0xc38 오프셋에서 시작하는 문자가 포함되어 있습니다. 이 문자는 현재 원본 문자 집합에서 잘못된 문자입니다(코드 페이지 65001).
C:\Users\Administrator\Desktop\Alex\PacMan\Pacman-master.cpp(1,1): warning C4828: 파일에 0xc3d 오프셋에서 시작하는 문자가 포함되어 있습니다. 이 문자는 현재 원본 문자 집합에서 잘못된 문자입니다(코드 페이지 65001).
C:\Users\Administrator\Desktop\Alex\PacMan\Pacman-master.cpp(1,1): warning C4828: 파일에 0xc3e 오프셋에서 시작하는 문자가 포함되어 있습니다. 이 문자는 현재 원본 문자 집합에서 잘못된 문자입니다(코드 페이지 65001).
C:\Users\Administrator\Desktop\Alex\PacMan\Pacman-master.cpp(1,1): warning C4828: 파일에 0x1174 오프셋에서 시작하는 문자가 포함되어 있습니다. 이 문자는 현재 원본 문자 집합에서 잘못된 문자입니다(코드 페이지 65001).
C:\Users\Administrator\Desktop\Alex\PacMan\Pacman-master.cpp(1,1): warning C4828: 파일에 0x1175 오프셋에서 시작하는 문자가 포함되어 있습니다. 이 문자는 현재 원본 문자 집합에서 잘못된 문자입니다(코드 페이지 65001).
C:\Users\Administrator\Desktop\Alex\PacMan\Pacman-master.cpp(1,1): warning C4828: 파일에 0x1179 오프셋에서 시작하는 문자가 포함되어 있습니다. 이 문자는 현재 원본 문자 집합에서 잘못된 문자입니다(코드 페이지 65001).
C:\Users\Administrator\Desktop\Alex\PacMan\Pacman-master.cpp(1,1): warning C4828: 파일에 0x117a 오프셋에서 시작하는 문자가 포함되어 있습니다. 이 문자는 현재 원본 문자 집합에서 잘못된 문자입니다(코드 페이지 65001).
C:\Users\Administrator\Desktop\Alex\PacMan\Pacman-master.cpp(1,1): warning C4828: 파일에 0x117e 오프셋에서 시작하는 문자가 포함되어 있습니다. 이 문자는 현재 원본 문자 집합에서 잘못된 문자입니다(코드 페이지 65001).
C:\Users\Administrator\Desktop\Alex\PacMan\Pacman-master.cpp(1,1): warning C4828: 파일에 0x1180 오프셋에서 시작하는 문자가 포함되어 있습니다. 이 문자는 현재 원본 문자 집합에서 잘못된 문자입니다(코드 페이지 65001).
C:\Users\Administrator\Desktop\Alex\PacMan\Pacman-master.cpp(1,1): warning C4828: 파일에 0x1183 오프셋에서 시작하는 문자가 포함되어 있습니다. 이 문자는 현재 원본 문자 집합에서 잘못된 문자입니다(코드 페이지 65001).
C:\Users\Administrator\Desktop\Alex\PacMan\Pacman-master.cpp(1,1): warning C4828: 파일에 0x1184 오프셋에서 시작하는 문자가 포함되어 있습니다. 이 문자는 현재 원본 문자 집합에서 잘못된 문자입니다(코드 페이지 65001).
C:\Users\Administrator\Desktop\Alex\PacMan\Pacman-master.cpp(1,1): warning C4828: 파일에 0x1185 오프셋에서 시작하는 문자가 포함되어 있습니다. 이 문자는 현재 원본 문자 집합에서 잘못된 문자입니다(코드 페이지 65001).
C:\Users\Administrator\Desktop\Alex\PacMan\Pacman-master.cpp(1,1): warning C4828: 파일에 0x1186 오프셋에서 시작하는 문자가 포함되어 있습니다. 이 문자는 현재 원본 문자 집합에서 잘못된 문자입니다(코드 페이지 65001).
C:\Users\Administrator\Desktop\Alex\PacMan\Pacman-master.cpp(1,1): warning C4828: 파일에 0x1187 오프셋에서 시작하는 문자가 포함되어 있습니다. 이 문자는 현재 원본 문자 집합에서 잘못된 문자입니다(코드 페이지 65001).
C:\Users\Administrator\Desktop\Alex\PacMan\Pacman-master.cpp(1,1): warning C4828: 파일에 0x118c 오프셋에서 시작하는 문자가 포함되어 있습니다. 이 문자는 현재 원본 문자 집합에서 잘못된 문자입니다(코드 페이지 65001).
C:\Users\Administrator\Desktop\Alex\PacMan\Pacman-master.cpp(1,1): warning C4828: 파일에 0x1190 오프셋에서 시작하는 문자가 포함되어 있습니다. 이 문자는 현재 원본 문자 집합에서 잘못된 문자입니다(코드 페이지 65001).
C:\Users\Administrator\Desktop\Alex\PacMan\Pacman-master.cpp(1,1): warning C4828: 파일에 0x1191 오프셋에서 시작하는 문자가 포함되어 있습니다. 이 문자는 현재 원본 문자 집합에서 잘못된 문자입니다(코드 페이지 65001).
C:\Users\Administrator\Desktop\Alex\PacMan\Pacman-master.cpp(1,1): warning C4828: 파일에 0x11b4 오프셋에서 시작하는 문자가 포함되어 있습니다. 이 문자는 현재 원본 문자 집합에서 잘못된 문자입니다(코드 페이지 65001).
C:\Users\Administrator\Desktop\Alex\PacMan\Pacman-master.cpp(1,1): warning C4828: 파일에 0x11b5 오프셋에서 시작하는 문자가 포함되어 있습니다. 이 문자는 현재 원본 문자 집합에서 잘못된 문자입니다(코드 페이지 65001).
C:\Users\Administrator\Desktop\Alex\PacMan\Pacman-master.cpp(1,1): warning C4828: 파일에 0x11b6 오프셋에서 시작하는 문자가 포함되어 있습니다. 이 문자는 현재 원본 문자 집합에서 잘못된 문자입니다(코드 페이지 65001).
C:\Users\Administrator\Desktop\Alex\PacMan\Pacman-master.cpp(1,1): warning C4828: 파일에 0x11b7 오프셋에서 시작하는 문자가 포함되어 있습니다. 이 문자는 현재 원본 문자 집합에서 잘못된 문자입니다(코드 페이지 65001).
C:\Users\Administrator\Desktop\Alex\PacMan\Pacman-master.cpp(1,1): warning C4828: 파일에 0x11b8 오프셋에서 시작하는 문자가 포함되어 있습니다. 이 문자는 현재 원본 문자 집합에서 잘못된 문자입니다(코드 페이지 65001).
C:\Users\Administrator\Desktop\Alex\PacMan\Pacman-master.cpp(1,1): warning C4828: 파일에 0x11b9 오프셋에서 시작하는 문자가 포함되어 있습니다. 이 문자는 현재 원본 문자 집합에서 잘못된 문자입니다(코드 페이지 65001).
C:\Users\Administrator\Desktop\Alex\PacMan\Pacman-master.cpp(1,1): warning C4828: 파일에 0x11bb 오프셋에서 시작하는 문자가 포함되어 있습니다. 이 문자는 현재 원본 문자 집합에서 잘못된 문자입니다(코드 페이지 65001).
C:\Users\Administrator\Desktop\Alex\PacMan\Pacman-master.cpp(1,1): warning C4828: 파일에 0x11bc 오프셋에서 시작하는 문자가 포함되어 있습니다. 이 문자는 현재 원본 문자 집합에서 잘못된 문자입니다(코드 페이지 65001).
C:\Users\Administrator\Desktop\Alex\PacMan\Pacman-master.cpp(1,1): warning C4828: 파일에 0x11be 오프셋에서 시작하는 문자가 포함되어 있습니다. 이 문자는 현재 원본 문자 집합에서 잘못된 문자입니다(코드 페이지 65001).
C:\Users\Administrator\Desktop\Alex\PacMan\Pacman-master.cpp(1,1): warning C4828: 파일에 0x11c0 오프셋에서 시작하는 문자가 포함되어 있습니다. 이 문자는 현재 원본 문자 집합에서 잘못된 문자입니다(코드 페이지 65001).
C:\Users\Administrator\Desktop\Alex\PacMan\Pacman-master.cpp(1,1): warning C4828: 파일에 0x11c1 오프셋에서 시작하는 문자가 포함되어 있습니다. 이 문자는 현재 원본 문자 집합에서 잘못된 문자입니다(코드 페이지 65001).
C:\Users\Administrator\Desktop\Alex\PacMan\Pacman-master.cpp(1,1): warning C4828: 파일에 0x11c2 오프셋에서 시작하는 문자가 포함되어 있습니다. 이 문자는 현재 원본 문자 집합에서 잘못된 문자입니다(코드 페이지 65001).
C:\Users\Administrator\Desktop\Alex\PacMan\Pacman-master.cpp(1,1): warning C4828: 파일에 0x1258 오프셋에서 시작하는 문자가 포함되어 있습니다. 이 문자는 현재 원본 문자 집합에서 잘못된 문자입니다(코드 페이지 65001).
C:\Users\Administrator\Desktop\Alex\PacMan\Pacman-master.cpp(1,1): warning C4828: 파일에 0x1259 오프셋에서 시작하는 문자가 포함되어 있습니다. 이 문자는 현재 원본 문자 집합에서 잘못된 문자입니다(코드 페이지 65001).
C:\Users\Administrator\Desktop\Alex\PacMan\Pacman-master.cpp(1,1): warning C4828: 파일에 0x125a 오프셋에서 시작하는 문자가 포함되어 있습니다. 이 문자는 현재 원본 문자 집합에서 잘못된 문자입니다(코드 페이지 65001).
C:\Users\Administrator\Desktop\Alex\PacMan\Pacman-master.cpp(1,1): warning C4828: 파일에 0x125b 오프셋에서 시작하는 문자가 포함되어 있습니다. 이 문자는 현재 원본 문자 집합에서 잘못된 문자입니다(코드 페이지 65001).
C:\Users\Administrator\Desktop\Alex\PacMan\Pacman-master.cpp(1,1): warning C4828: 파일에 0x125d 오프셋에서 시작하는 문자가 포함되어 있습니다. 이 문자는 현재 원본 문자 집합에서 잘못된 문자입니다(코드 페이지 65001).
C:\Users\Administrator\Desktop\Alex\PacMan\Pacman-master.cpp(1,1): warning C4828: 파일에 0x125e 오프셋에서 시작하는 문자가 포함되어 있습니다. 이 문자는 현재 원본 문자 집합에서 잘못된 문자입니다(코드 페이지 65001).
C:\Users\Administrator\Desktop\Alex\PacMan\Pacman-master.cpp(1,1): warning C4828: 파일에 0x1264 오프셋에서 시작하는 문자가 포함되어 있습니다. 이 문자는 현재 원본 문자 집합에서 잘못된 문자입니다(코드 페이지 65001).
C:\Users\Administrator\Desktop\Alex\PacMan\Pacman-master.cpp(1,1): warning C4828: 파일에 0x1265 오프셋에서 시작하는 문자가 포함되어 있습니다. 이 문자는 현재 원본 문자 집합에서 잘못된 문자입니다(코드 페이지 65001).
C:\Users\Administrator\Desktop\Alex\PacMan\Pacman-master.cpp(1,1): warning C4828: 파일에 0x12cd 오프셋에서 시작하는 문자가 포함되어 있습니다. 이 문자는 현재 원본 문자 집합에서 잘못된 문자입니다(코드 페이지 65001).
C:\Users\Administrator\Desktop\Alex\PacMan\Pacman-master.cpp(1,1): warning C4828: 파일에 0x12d1 오프셋에서 시작하는 문자가 포함되어 있습니다. 이 문자는 현재 원본 문자 집합에서 잘못된 문자입니다(코드 페이지 65001).
C:\Users\Administrator\Desktop\Alex\PacMan\Pacman-master.cpp(1,1): warning C4828: 파일에 0x12d2 오프셋에서 시작하는 문자가 포함되어 있습니다. 이 문자는 현재 원본 문자 집합에서 잘못된 문자입니다(코드 페이지 65001).
C:\Users\Administrator\Desktop\Alex\PacMan\Pacman-master.cpp(1,1): warning C4828: 파일에 0x12d4 오프셋에서 시작하는 문자가 포함되어 있습니다. 이 문자는 현재 원본 문자 집합에서 잘못된 문자입니다(코드 페이지 65001).
C:\Users\Administrator\Desktop\Alex\PacMan\Pacman-master.cpp(1,1): warning C4828: 파일에 0x12d6 오프셋에서 시작하는 문자가 포함되어 있습니다. 이 문자는 현재 원본 문자 집합에서 잘못된 문자입니다(코드 페이지 65001).
C:\Users\Administrator\Desktop\Alex\PacMan\Pacman-master.cpp(1,1): warning C4828: 파일에 0x12d7 오프셋에서 시작하는 문자가 포함되어 있습니다. 이 문자는 현재 원본 문자 집합에서 잘못된 문자입니다(코드 페이지 65001).
C:\Users\Administrator\Desktop\Alex\PacMan\Pacman-master.cpp(1,1): warning C4828: 파일에 0x12da 오프셋에서 시작하는 문자가 포함되어 있습니다. 이 문자는 현재 원본 문자 집합에서 잘못된 문자입니다(코드 페이지 65001).
C:\Users\Administrator\Desktop\Alex\PacMan\Pacman-master.cpp(1,1): warning C4828: 파일에 0x12db 오프셋에서 시작하는 문자가 포함되어 있습니다. 이 문자는 현재 원본 문자 집합에서 잘못된 문자입니다(코드 페이지 65001).
C:\Users\Administrator\Desktop\Alex\PacMan\Pacman-master.cpp(1,1): warning C4828: 파일에 0x12e2 오프셋에서 시작하는 문자가 포함되어 있습니다. 이 문자는 현재 원본 문자 집합에서 잘못된 문자입니다(코드 페이지 65001).
C:\Users\Administrator\Desktop\Alex\PacMan\Pacman-master.cpp(1,1): warning C4828: 파일에 0x12e7 오프셋에서 시작하는 문자가 포함되어 있습니다. 이 문자는 현재 원본 문자 집합에서 잘못된 문자입니다(코드 페이지 65001).
C:\Users\Administrator\Desktop\Alex\PacMan\Pacman-master.cpp(1,1): warning C4828: 파일에 0x12ec 오프셋에서 시작하는 문자가 포함되어 있습니다. 이 문자는 현재 원본 문자 집합에서 잘못된 문자입니다(코드 페이지 65001).
C:\Users\Administrator\Desktop\Alex\PacMan\Pacman-master.cpp(1,1): warning C4828: 파일에 0x12ed 오프셋에서 시작하는 문자가 포함되어 있습니다. 이 문자는 현재 원본 문자 집합에서 잘못된 문자입니다(코드 페이지 65001).
C:\Users\Administrator\Desktop\Alex\PacMan\Pacman-master.cpp(1,1): warning C4828: 파일에 0x12ef 오프셋에서 시작하는 문자가 포함되어 있습니다. 이 문자는 현재 원본 문자 집합에서 잘못된 문자입니다(코드 페이지 65001).
C:\Users\Administrator\Desktop\Alex\PacMan\Pacman-master.cpp(1,1): warning C4828: 파일에 0x12f0 오프셋에서 시작하는 문자가 포함되어 있습니다. 이 문자는 현재 원본 문자 집합에서 잘못된 문자입니다(코드 페이지 65001).
C:\Users\Administrator\Desktop\Alex\PacMan\Pacman-master.cpp(1,1): warning C4828: 파일에 0x12f2 오프셋에서 시작하는 문자가 포함되어 있습니다. 이 문자는 현재 원본 문자 집합에서 잘못된 문자입니다(코드 페이지 65001).
C:\Users\Administrator\Desktop\Alex\PacMan\Pacman-master.cpp(1,1): warning C4828: 파일에 0x13e7 오프셋에서 시작하는 문자가 포함되어 있습니다. 이 문자는 현재 원본 문자 집합에서 잘못된 문자입니다(코드 페이지 65001).
C:\Users\Administrator\Desktop\Alex\PacMan\Pacman-master.cpp(1,1): warning C4828: 파일에 0x13e9 오프셋에서 시작하는 문자가 포함되어 있습니다. 이 문자는 현재 원본 문자 집합에서 잘못된 문자입니다(코드 페이지 65001).
C:\Users\Administrator\Desktop\Alex\PacMan\Pacman-master.cpp(1,1): warning C4828: 파일에 0x13ec 오프셋에서 시작하는 문자가 포함되어 있습니다. 이 문자는 현재 원본 문자 집합에서 잘못된 문자입니다(코드 페이지 65001).
C:\Users\Administrator\Desktop\Alex\PacMan\Pacman-master.cpp(1,1): warning C4828: 파일에 0x13ee 오프셋에서 시작하는 문자가 포함되어 있습니다. 이 문자는 현재 원본 문자 집합에서 잘못된 문자입니다(코드 페이지 65001).
C:\Users\Administrator\Desktop\Alex\PacMan\Pacman-master.cpp(1,1): warning C4828: 파일에 0x13f3 오프셋에서 시작하는 문자가 포함되어 있습니다. 이 문자는 현재 원본 문자 집합에서 잘못된 문자입니다(코드 페이지 65001).
C:\Users\Administrator\Desktop\Alex\PacMan\Pacman-master.cpp(1,1): warning C4828: 파일에 0x13f8 오프셋에서 시작하는 문자가 포함되어 있습니다. 이 문자는 현재 원본 문자 집합에서 잘못된 문자입니다(코드 페이지 65001).
C:\Users\Administrator\Desktop\Alex\PacMan\Pacman-master.cpp(1,1): warning C4828: 파일에 0x13fa 오프셋에서 시작하는 문자가 포함되어 있습니다. 이 문자는 현재 원본 문자 집합에서 잘못된 문자입니다(코드 페이지 65001).
C:\Users\Administrator\Desktop\Alex\PacMan\Pacman-master.cpp(1,1): warning C4828: 파일에 0x13fb 오프셋에서 시작하는 문자가 포함되어 있습니다. 이 문자는 현재 원본 문자 집합에서 잘못된 문자입니다(코드 페이지 65001).
C:\Users\Administrator\Desktop\Alex\PacMan\Pacman-master.cpp(1,1): warning C4828: 파일에 0x13fc 오프셋에서 시작하는 문자가 포함되어 있습니다. 이 문자는 현재 원본 문자 집합에서 잘못된 문자입니다(코드 페이지 65001).
C:\Users\Administrator\Desktop\Alex\PacMan\Pacman-master.cpp(1,1): warning C4828: 파일에 0x13fd 오프셋에서 시작하는 문자가 포함되어 있습니다. 이 문자는 현재 원본 문자 집합에서 잘못된 문자입니다(코드 페이지 65001).
C:\Users\Administrator\Desktop\Alex\PacMan\Pacman-master.cpp(1,1): warning C4828: 파일에 0x1672 오프셋에서 시작하는 문자가 포함되어 있습니다. 이 문자는 현재 원본 문자 집합에서 잘못된 문자입니다(코드 페이지 65001).
C:\Users\Administrator\Desktop\Alex\PacMan\Pacman-master.cpp(1,1): warning C4828: 파일에 0x1673 오프셋에서 시작하는 문자가 포함되어 있습니다. 이 문자는 현재 원본 문자 집합에서 잘못된 문자입니다(코드 페이지 65001).
C:\Users\Administrator\Desktop\Alex\PacMan\Pacman-master.cpp(1,1): warning C4828: 파일에 0x1674 오프셋에서 시작하는 문자가 포함되어 있습니다. 이 문자는 현재 원본 문자 집합에서 잘못된 문자입니다(코드 페이지 65001).
C:\Users\Administrator\Desktop\Alex\PacMan\Pacman-master.cpp(1,1): warning C4828: 파일에 0x1675 오프셋에서 시작하는 문자가 포함되어 있습니다. 이 문자는 현재 원본 문자 집합에서 잘못된 문자입니다(코드 페이지 65001).
C:\Users\Administrator\Desktop\Alex\PacMan\Pacman-master.cpp(1,1): warning C4828: 파일에 0x1677 오프셋에서 시작하는 문자가 포함되어 있습니다. 이 문자는 현재 원본 문자 집합에서 잘못된 문자입니다(코드 페이지 65001).
C:\Users\Administrator\Desktop\Alex\PacMan\Pacman-master.cpp(1,1): warning C4828: 파일에 0x167a 오프셋에서 시작하는 문자가 포함되어 있습니다. 이 문자는 현재 원본 문자 집합에서 잘못된 문자입니다(코드 페이지 65001).
C:\Users\Administrator\Desktop\Alex\PacMan\Pacman-master.cpp(1,1): warning C4828: 파일에 0x16c5 오프셋에서 시작하는 문자가 포함되어 있습니다. 이 문자는 현재 원본 문자 집합에서 잘못된 문자입니다(코드 페이지 65001).
C:\Users\Administrator\Desktop\Alex\PacMan\Pacman-master.cpp(1,1): warning C4828: 파일에 0x16c8 오프셋에서 시작하는 문자가 포함되어 있습니다. 이 문자는 현재 원본 문자 집합에서 잘못된 문자입니다(코드 페이지 65001).
C:\Users\Administrator\Desktop\Alex\PacMan\Pacman-master.cpp(1,1): warning C4828: 파일에 0x16c9 오프셋에서 시작하는 문자가 포함되어 있습니다. 이 문자는 현재 원본 문자 집합에서 잘못된 문자입니다(코드 페이지 65001).
C:\Users\Administrator\Desktop\Alex\PacMan\Pacman-master.cpp(1,1): warning C4828: 파일에 0x16ca 오프셋에서 시작하는 문자가 포함되어 있습니다. 이 문자는 현재 원본 문자 집합에서 잘못된 문자입니다(코드 페이지 65001).
C:\Users\Administrator\Desktop\Alex\PacMan\Pacman-master.cpp(1,1): warning C4828: 파일에 0x16cc 오프셋에서 시작하는 문자가 포함되어 있습니다. 이 문자는 현재 원본 문자 집합에서 잘못된 문자입니다(코드 페이지 65001).
C:\Users\Administrator\Desktop\Alex\PacMan\Pacman-master.cpp(1,1): warning C4828: 파일에 0x16cf 오프셋에서 시작하는 문자가 포함되어 있습니다. 이 문자는 현재 원본 문자 집합에서 잘못된 문자입니다(코드 페이지 65001).
C:\Users\Administrator\Desktop\Alex\PacMan\Pacman-master.cpp(1,1): warning C4828: 파일에 0x1710 오프셋에서 시작하는 문자가 포함되어 있습니다. 이 문자는 현재 원본 문자 집합에서 잘못된 문자입니다(코드 페이지 65001).
C:\Users\Administrator\Desktop\Alex\PacMan\Pacman-master.cpp(1,1): warning C4828: 파일에 0x1711 오프셋에서 시작하는 문자가 포함되어 있습니다. 이 문자는 현재 원본 문자 집합에서 잘못된 문자입니다(코드 페이지 65001).
C:\Users\Administrator\Desktop\Alex\PacMan\Pacman-master.cpp(1,1): warning C4828: 파일에 0x1713 오프셋에서 시작하는 문자가 포함되어 있습니다. 이 문자는 현재 원본 문자 집합에서 잘못된 문자입니다(코드 페이지 65001).
C:\Users\Administrator\Desktop\Alex\PacMan\Pacman-master.cpp(1,1): warning C4828: 파일에 0x1715 오프셋에서 시작하는 문자가 포함되어 있습니다. 이 문자는 현재 원본 문자 집합에서 잘못된 문자입니다(코드 페이지 65001).
C:\Users\Administrator\Desktop\Alex\PacMan\Pacman-master.cpp(1,1): warning C4828: 파일에 0x1718 오프셋에서 시작하는 문자가 포함되어 있습니다. 이 문자는 현재 원본 문자 집합에서 잘못된 문자입니다(코드 페이지 65001).
C:\Users\Administrator\Desktop\Alex\PacMan\Pacman-master.cpp(1,1): warning C4828: 파일에 0x1763 오프셋에서 시작하는 문자가 포함되어 있습니다. 이 문자는 현재 원본 문자 집합에서 잘못된 문자입니다(코드 페이지 65001).
C:\Users\Administrator\Desktop\Alex\PacMan\Pacman-master.cpp(1,1): warning C4828: 파일에 0x1764 오프셋에서 시작하는 문자가 포함되어 있습니다. 이 문자는 현재 원본 문자 집합에서 잘못된 문자입니다(코드 페이지 65001).
C:\Users\Administrator\Desktop\Alex\PacMan\Pacman-master.cpp(1,1): warning C4828: 파일에 0x1765 오프셋에서 시작하는 문자가 포함되어 있습니다. 이 문자는 현재 원본 문자 집합에서 잘못된 문자입니다(코드 페이지 65001).
C:\Users\Administrator\Desktop\Alex\PacMan\Pacman-master.cpp(1,1): warning C4828: 파일에 0x1766 오프셋에서 시작하는 문자가 포함되어 있습니다. 이 문자는 현재 원본 문자 집합에서 잘못된 문자입니다(코드 페이지 65001).
C:\Users\Administrator\Desktop\Alex\PacMan\Pacman-master.cpp(1,1): warning C4828: 파일에 0x1767 오프셋에서 시작하는 문자가 포함되어 있습니다. 이 문자는 현재 원본 문자 집합에서 잘못된 문자입니다(코드 페이지 65001).
C:\Users\Administrator\Desktop\Alex\PacMan\Pacman-master.cpp(1,1): warning C4828: 파일에 0x176a 오프셋에서 시작하는 문자가 포함되어 있습니다. 이 문자는 현재 원본 문자 집합에서 잘못된 문자입니다(코드 페이지 65001).
C:\Users\Administrator\Desktop\Alex\PacMan\Pacman-master.cpp(1,1): warning C4828: 파일에 0x176d 오프셋에서 시작하는 문자가 포함되어 있습니다. 이 문자는 현재 원본 문자 집합에서 잘못된 문자입니다(코드 페이지 65001).
C:\Users\Administrator\Desktop\Alex\PacMan\Pacman-master.cpp(1,1): warning C4828: 파일에 0x17b6 오프셋에서 시작하는 문자가 포함되어 있습니다. 이 문자는 현재 원본 문자 집합에서 잘못된 문자입니다(코드 페이지 65001).
C:\Users\Administrator\Desktop\Alex\PacMan\Pacman-master.cpp(1,1): warning C4828: 파일에 0x17b7 오프셋에서 시작하는 문자가 포함되어 있습니다. 이 문자는 현재 원본 문자 집합에서 잘못된 문자입니다(코드 페이지 65001).
C:\Users\Administrator\Desktop\Alex\PacMan\Pacman-master.cpp(1,1): warning C4828: 파일에 0x17bd 오프셋에서 시작하는 문자가 포함되어 있습니다. 이 문자는 현재 원본 문자 집합에서 잘못된 문자입니다(코드 페이지 65001).
C:\Users\Administrator\Desktop\Alex\PacMan\Pacman-master.cpp(1,1): warning C4828: 파일에 0x17be 오프셋에서 시작하는 문자가 포함되어 있습니다. 이 문자는 현재 원본 문자 집합에서 잘못된 문자입니다(코드 페이지 65001).
C:\Users\Administrator\Desktop\Alex\PacMan\Pacman-master.cpp(1,1): warning C4828: 파일에 0x17c0 오프셋에서 시작하는 문자가 포함되어 있습니다. 이 문자는 현재 원본 문자 집합에서 잘못된 문자입니다(코드 페이지 65001).
C:\Users\Administrator\Desktop\Alex\PacMan\Pacman-master.cpp(1,1): warning C4828: 파일에 0x17c1 오프셋에서 시작하는 문자가 포함되어 있습니다. 이 문자는 현재 원본 문자 집합에서 잘못된 문자입니다(코드 페이지 65001).
C:\Users\Administrator\Desktop\Alex\PacMan\Pacman-master.cpp(1,1): warning C4828: 파일에 0x17c2 오프셋에서 시작하는 문자가 포함되어 있습니다. 이 문자는 현재 원본 문자 집합에서 잘못된 문자입니다(코드 페이지 65001).
C:\Users\Administrator\Desktop\Alex\PacMan\Pacman-master.cpp(1,1): warning C4828: 파일에 0x17c5 오프셋에서 시작하는 문자가 포함되어 있습니다. 이 문자는 현재 원본 문자 집합에서 잘못된 문자입니다(코드 페이지 65001).
C:\Users\Administrator\Desktop\Alex\PacMan\Pacman-master.cpp(1,1): warning C4828: 파일에 0x17ca 오프셋에서 시작하는 문자가 포함되어 있습니다. 이 문자는 현재 원본 문자 집합에서 잘못된 문자입니다(코드 페이지 65001).
C:\Users\Administrator\Desktop\Alex\PacMan\Pacman-master.cpp(1,1): warning C4828: 파일에 0x17cb 오프셋에서 시작하는 문자가 포함되어 있습니다. 이 문자는 현재 원본 문자 집합에서 잘못된 문자입니다(코드 페이지 65001).
C:\Users\Administrator\Desktop\Alex\PacMan\Pacman-master.cpp(1,1): warning C4828: 파일에 0x17ce 오프셋에서 시작하는 문자가 포함되어 있습니다. 이 문자는 현재 원본 문자 집합에서 잘못된 문자입니다(코드 페이지 65001).
C:\Users\Administrator\Desktop\Alex\PacMan\Pacman-master.cpp(1,1): warning C4828: 파일에 0x17cf 오프셋에서 시작하는 문자가 포함되어 있습니다. 이 문자는 현재 원본 문자 집합에서 잘못된 문자입니다(코드 페이지 65001).
C:\Users\Administrator\Desktop\Alex\PacMan\Pacman-master.cpp(1,1): warning C4828: 파일에 0x17d3 오프셋에서 시작하는 문자가 포함되어 있습니다. 이 문자는 현재 원본 문자 집합에서 잘못된 문자입니다(코드 페이지 65001).
C:\Users\Administrator\Desktop\Alex\PacMan\Pacman-master.cpp(1,1): warning C4828: 파일에 0x17d6 오프셋에서 시작하는 문자가 포함되어 있습니다. 이 문자는 현재 원본 문자 집합에서 잘못된 문자입니다(코드 페이지 65001).
C:\Users\Administrator\Desktop\Alex\PacMan\Pacman-master.cpp(1,1): warning C4828: 파일에 0x17d8 오프셋에서 시작하는 문자가 포함되어 있습니다. 이 문자는 현재 원본 문자 집합에서 잘못된 문자입니다(코드 페이지 65001).
C:\Users\Administrator\Desktop\Alex\PacMan\Pacman-master.cpp(1,1): warning C4828: 파일에 0x17d9 오프셋에서 시작하는 문자가 포함되어 있습니다. 이 문자는 현재 원본 문자 집합에서 잘못된 문자입니다(코드 페이지 65001).
C:\Users\Administrator\Desktop\Alex\PacMan\Pacman-master.cpp(1,1): warning C4828: 파일에 0x17da 오프셋에서 시작하는 문자가 포함되어 있습니다. 이 문자는 현재 원본 문자 집합에서 잘못된 문자입니다(코드 페이지 65001).
C:\Users\Administrator\Desktop\Alex\PacMan\Pacman-master.cpp(1,1): warning C4828: 파일에 0x17db 오프셋에서 시작하는 문자가 포함되어 있습니다. 이 문자는 현재 원본 문자 집합에서 잘못된 문자입니다(코드 페이지 65001).
C:\Users\Administrator\Desktop\Alex\PacMan\Pacman-master.cpp(1,1): warning C4828: 파일에 0x1812 오프셋에서 시작하는 문자가 포함되어 있습니다. 이 문자는 현재 원본 문자 집합에서 잘못된 문자입니다(코드 페이지 65001).
C:\Users\Administrator\Desktop\Alex\PacMan\Pacman-master.cpp(1,1): warning C4828: 파일에 0x1815 오프셋에서 시작하는 문자가 포함되어 있습니다. 이 문자는 현재 원본 문자 집합에서 잘못된 문자입니다(코드 페이지 65001).
C:\Users\Administrator\Desktop\Alex\PacMan\Pacman-master.cpp(1,1): warning C4828: 파일에 0x1816 오프셋에서 시작하는 문자가 포함되어 있습니다. 이 문자는 현재 원본 문자 집합에서 잘못된 문자입니다(코드 페이지 65001).
C:\Users\Administrator\Desktop\Alex\PacMan\Pacman-master.cpp(1,1): warning C4828: 파일에 0x1819 오프셋에서 시작하는 문자가 포함되어 있습니다. 이 문자는 현재 원본 문자 집합에서 잘못된 문자입니다(코드 페이지 65001).
C:\Users\Administrator\Desktop\Alex\PacMan\Pacman-master.cpp(1,1): warning C4828: 파일에 0x181a 오프셋에서 시작하는 문자가 포함되어 있습니다. 이 문자는 현재 원본 문자 집합에서 잘못된 문자입니다(코드 페이지 65001).
C:\Users\Administrator\Desktop\Alex\PacMan\Pacman-master.cpp(1,1): warning C4828: 파일에 0x181d 오프셋에서 시작하는 문자가 포함되어 있습니다. 이 문자는 현재 원본 문자 집합에서 잘못된 문자입니다(코드 페이지 65001).
C:\Users\Administrator\Desktop\Alex\PacMan\Pacman-master.cpp(1,1): warning C4828: 파일에 0x181e 오프셋에서 시작하는 문자가 포함되어 있습니다. 이 문자는 현재 원본 문자 집합에서 잘못된 문자입니다(코드 페이지 65001).
C:\Users\Administrator\Desktop\Alex\PacMan\Pacman-master.cpp(1,1): warning C4828: 파일에 0x1820 오프셋에서 시작하는 문자가 포함되어 있습니다. 이 문자는 현재 원본 문자 집합에서 잘못된 문자입니다(코드 페이지 65001).
C:\Users\Administrator\Desktop\Alex\PacMan\Pacman-master.cpp(1,1): warning C4828: 파일에 0x1821 오프셋에서 시작하는 문자가 포함되어 있습니다. 이 문자는 현재 원본 문자 집합에서 잘못된 문자입니다(코드 페이지 65001).
C:\Users\Administrator\Desktop\Alex\PacMan\Pacman-master.cpp(1,1): warning C4828: 파일에 0x1825 오프셋에서 시작하는 문자가 포함되어 있습니다. 이 문자는 현재 원본 문자 집합에서 잘못된 문자입니다(코드 페이지 65001).
C:\Users\Administrator\Desktop\Alex\PacMan\Pacman-master.cpp(1,1): warning C4828: 파일에 0x1826 오프셋에서 시작하는 문자가 포함되어 있습니다. 이 문자는 현재 원본 문자 집합에서 잘못된 문자입니다(코드 페이지 65001).
C:\Users\Administrator\Desktop\Alex\PacMan\Pacman-master.cpp(1,1): warning C4828: 파일에 0x1827 오프셋에서 시작하는 문자가 포함되어 있습니다. 이 문자는 현재 원본 문자 집합에서 잘못된 문자입니다(코드 페이지 65001).
C:\Users\Administrator\Desktop\Alex\PacMan\Pacman-master.cpp(1,1): warning C4828: 파일에 0x1828 오프셋에서 시작하는 문자가 포함되어 있습니다. 이 문자는 현재 원본 문자 집합에서 잘못된 문자입니다(코드 페이지 65001).
C:\Users\Administrator\Desktop\Alex\PacMan\Pacman-master.cpp(1,1): warning C4828: 파일에 0x182a 오프셋에서 시작하는 문자가 포함되어 있습니다. 이 문자는 현재 원본 문자 집합에서 잘못된 문자입니다(코드 페이지 65001).
C:\Users\Administrator\Desktop\Alex\PacMan\Pacman-master.cpp(1,1): warning C4828: 파일에 0x182b 오프셋에서 시작하는 문자가 포함되어 있습니다. 이 문자는 현재 원본 문자 집합에서 잘못된 문자입니다(코드 페이지 65001).
C:\Users\Administrator\Desktop\Alex\PacMan\Pacman-master.cpp(1,1): warning C4828: 파일에 0x182c 오프셋에서 시작하는 문자가 포함되어 있습니다. 이 문자는 현재 원본 문자 집합에서 잘못된 문자입니다(코드 페이지 65001).
C:\Users\Administrator\Desktop\Alex\PacMan\Pacman-master.cpp(1,1): warning C4828: 파일에 0x182d 오프셋에서 시작하는 문자가 포함되어 있습니다. 이 문자는 현재 원본 문자 집합에서 잘못된 문자입니다(코드 페이지 65001).
C:\Users\Administrator\Desktop\Alex\PacMan\Pacman-master.cpp(1,1): warning C4828: 파일에 0x1859 오프셋에서 시작하는 문자가 포함되어 있습니다. 이 문자는 현재 원본 문자 집합에서 잘못된 문자입니다(코드 페이지 65001).
C:\Users\Administrator\Desktop\Alex\PacMan\Pacman-master.cpp(1,1): warning C4828: 파일에 0x185a 오프셋에서 시작하는 문자가 포함되어 있습니다. 이 문자는 현재 원본 문자 집합에서 잘못된 문자입니다(코드 페이지 65001).
C:\Users\Administrator\Desktop\Alex\PacMan\Pacman-master.cpp(1,1): warning C4828: 파일에 0x185e 오프셋에서 시작하는 문자가 포함되어 있습니다. 이 문자는 현재 원본 문자 집합에서 잘못된 문자입니다(코드 페이지 65001).
C:\Users\Administrator\Desktop\Alex\PacMan\Pacman-master.cpp(1,1): warning C4828: 파일에 0x1861 오프셋에서 시작하는 문자가 포함되어 있습니다. 이 문자는 현재 원본 문자 집합에서 잘못된 문자입니다(코드 페이지 65001).
C:\Users\Administrator\Desktop\Alex\PacMan\Pacman-master.cpp(1,1): warning C4828: 파일에 0x1864 오프셋에서 시작하는 문자가 포함되어 있습니다. 이 문자는 현재 원본 문자 집합에서 잘못된 문자입니다(코드 페이지 65001).
C:\Users\Administrator\Desktop\Alex\PacMan\Pacman-master.cpp(1,1): warning C4828: 파일에 0x1865 오프셋에서 시작하는 문자가 포함되어 있습니다. 이 문자는 현재 원본 문자 집합에서 잘못된 문자입니다(코드 페이지 65001).
C:\Users\Administrator\Desktop\Alex\PacMan\Pacman-master.cpp(1,1): warning C4828: 파일에 0x186b 오프셋에서 시작하는 문자가 포함되어 있습니다. 이 문자는 현재 원본 문자 집합에서 잘못된 문자입니다(코드 페이지 65001).
C:\Users\Administrator\Desktop\Alex\PacMan\Pacman-master.cpp(1,1): warning C4828: 파일에 0x186c 오프셋에서 시작하는 문자가 포함되어 있습니다. 이 문자는 현재 원본 문자 집합에서 잘못된 문자입니다(코드 페이지 65001).
C:\Users\Administrator\Desktop\Alex\PacMan\Pacman-master.cpp(1,1): warning C4828: 파일에 0x1883 오프셋에서 시작하는 문자가 포함되어 있습니다. 이 문자는 현재 원본 문자 집합에서 잘못된 문자입니다(코드 페이지 65001).
C:\Users\Administrator\Desktop\Alex\PacMan\Pacman-master.cpp(1,1): warning C4828: 파일에 0x1884 오프셋에서 시작하는 문자가 포함되어 있습니다. 이 문자는 현재 원본 문자 집합에서 잘못된 문자입니다(코드 페이지 65001).
C:\Users\Administrator\Desktop\Alex\PacMan\Pacman-master.cpp(1,1): warning C4828: 파일에 0x1886 오프셋에서 시작하는 문자가 포함되어 있습니다. 이 문자는 현재 원본 문자 집합에서 잘못된 문자입니다(코드 페이지 65001).
C:\Users\Administrator\Desktop\Alex\PacMan\Pacman-master.cpp(1,1): warning C4828: 파일에 0x1888 오프셋에서 시작하는 문자가 포함되어 있습니다. 이 문자는 현재 원본 문자 집합에서 잘못된 문자입니다(코드 페이지 65001).
C:\Users\Administrator\Desktop\Alex\PacMan\Pacman-master.cpp(1,1): warning C4828: 파일에 0x188a 오프셋에서 시작하는 문자가 포함되어 있습니다. 이 문자는 현재 원본 문자 집합에서 잘못된 문자입니다(코드 페이지 65001).
C:\Users\Administrator\Desktop\Alex\PacMan\Pacman-master.cpp(1,1): warning C4828: 파일에 0x188b 오프셋에서 시작하는 문자가 포함되어 있습니다. 이 문자는 현재 원본 문자 집합에서 잘못된 문자입니다(코드 페이지 65001).
C:\Users\Administrator\Desktop\Alex\PacMan\Pacman-master.cpp(1,1): warning C4828: 파일에 0x188c 오프셋에서 시작하는 문자가 포함되어 있습니다. 이 문자는 현재 원본 문자 집합에서 잘못된 문자입니다(코드 페이지 65001).
C:\Users\Administrator\Desktop\Alex\PacMan\Pacman-master.cpp(1,1): warning C4828: 파일에 0x188d 오프셋에서 시작하는 문자가 포함되어 있습니다. 이 문자는 현재 원본 문자 집합에서 잘못된 문자입니다(코드 페이지 65001).
C:\Users\Administrator\Desktop\Alex\PacMan\Pacman-master.cpp(1,1): warning C4828: 파일에 0x188f 오프셋에서 시작하는 문자가 포함되어 있습니다. 이 문자는 현재 원본 문자 집합에서 잘못된 문자입니다(코드 페이지 65001).
C:\Users\Administrator\Desktop\Alex\PacMan\Pacman-master.cpp(1,1): warning C4828: 파일에 0x1890 오프셋에서 시작하는 문자가 포함되어 있습니다. 이 문자는 현재 원본 문자 집합에서 잘못된 문자입니다(코드 페이지 65001).
C:\Users\Administrator\Desktop\Alex\PacMan\Pacman-master.cpp(1,1): warning C4828: 파일에 0x1893 오프셋에서 시작하는 문자가 포함되어 있습니다. 이 문자는 현재 원본 문자 집합에서 잘못된 문자입니다(코드 페이지 65001).
C:\Users\Administrator\Desktop\Alex\PacMan\Pacman-master.cpp(1,1): warning C4828: 파일에 0x1894 오프셋에서 시작하는 문자가 포함되어 있습니다. 이 문자는 현재 원본 문자 집합에서 잘못된 문자입니다(코드 페이지 65001).
C:\Users\Administrator\Desktop\Alex\PacMan\Pacman-master.cpp(1,1): warning C4828: 파일에 0x1897 오프셋에서 시작하는 문자가 포함되어 있습니다. 이 문자는 현재 원본 문자 집합에서 잘못된 문자입니다(코드 페이지 65001).
C:\Users\Administrator\Desktop\Alex\PacMan\Pacman-master.cpp(1,1): warning C4828: 파일에 0x1898 오프셋에서 시작하는 문자가 포함되어 있습니다. 이 문자는 현재 원본 문자 집합에서 잘못된 문자입니다(코드 페이지 65001).
C:\Users\Administrator\Desktop\Alex\PacMan\Pacman-master.cpp(1,1): warning C4828: 파일에 0x189a 오프셋에서 시작하는 문자가 포함되어 있습니다. 이 문자는 현재 원본 문자 집합에서 잘못된 문자입니다(코드 페이지 65001).
C:\Users\Administrator\Desktop\Alex\PacMan\Pacman-master.cpp(1,1): warning C4828: 파일에 0x189b 오프셋에서 시작하는 문자가 포함되어 있습니다. 이 문자는 현재 원본 문자 집합에서 잘못된 문자입니다(코드 페이지 65001).
C:\Users\Administrator\Desktop\Alex\PacMan\Pacman-master.cpp(1,1): warning C4828: 파일에 0x189c 오프셋에서 시작하는 문자가 포함되어 있습니다. 이 문자는 현재 원본 문자 집합에서 잘못된 문자입니다(코드 페이지 65001).
C:\Users\Administrator\Desktop\Alex\PacMan\Pacman-master.cpp(1,1): warning C4828: 파일에 0x189d 오프셋에서 시작하는 문자가 포함되어 있습니다. 이 문자는 현재 원본 문자 집합에서 잘못된 문자입니다(코드 페이지 65001).
C:\Users\Administrator\Desktop\Alex\PacMan\Pacman-master.cpp(1,1): warning C4828: 파일에 0x18a0 오프셋에서 시작하는 문자가 포함되어 있습니다. 이 문자는 현재 원본 문자 집합에서 잘못된 문자입니다(코드 페이지 65001).
C:\Users\Administrator\Desktop\Alex\PacMan\Pacman-master.cpp(1,1): warning C4828: 파일에 0x18a2 오프셋에서 시작하는 문자가 포함되어 있습니다. 이 문자는 현재 원본 문자 집합에서 잘못된 문자입니다(코드 페이지 65001).
C:\Users\Administrator\Desktop\Alex\PacMan\Pacman-master.cpp(1,1): warning C4828: 파일에 0x18a3 오프셋에서 시작하는 문자가 포함되어 있습니다. 이 문자는 현재 원본 문자 집합에서 잘못된 문자입니다(코드 페이지 65001).
C:\Users\Administrator\Desktop\Alex\PacMan\Pacman-master.cpp(1,1): warning C4828: 파일에 0x1950 오프셋에서 시작하는 문자가 포함되어 있습니다. 이 문자는 현재 원본 문자 집합에서 잘못된 문자입니다(코드 페이지 65001).
C:\Users\Administrator\Desktop\Alex\PacMan\Pacman-master.cpp(1,1): warning C4828: 파일에 0x1951 오프셋에서 시작하는 문자가 포함되어 있습니다. 이 문자는 현재 원본 문자 집합에서 잘못된 문자입니다(코드 페이지 65001).
C:\Users\Administrator\Desktop\Alex\PacMan\Pacman-master.cpp(1,1): warning C4828: 파일에 0x1952 오프셋에서 시작하는 문자가 포함되어 있습니다. 이 문자는 현재 원본 문자 집합에서 잘못된 문자입니다(코드 페이지 65001).
C:\Users\Administrator\Desktop\Alex\PacMan\Pacman-master.cpp(1,1): warning C4828: 파일에 0x1955 오프셋에서 시작하는 문자가 포함되어 있습니다. 이 문자는 현재 원본 문자 집합에서 잘못된 문자입니다(코드 페이지 65001).
C:\Users\Administrator\Desktop\Alex\PacMan\Pacman-master.cpp(1,1): warning C4828: 파일에 0x1957 오프셋에서 시작하는 문자가 포함되어 있습니다. 이 문자는 현재 원본 문자 집합에서 잘못된 문자입니다(코드 페이지 65001).
C:\Users\Administrator\Desktop\Alex\PacMan\Pacman-master.cpp(1,1): warning C4828: 파일에 0x1958 오프셋에서 시작하는 문자가 포함되어 있습니다. 이 문자는 현재 원본 문자 집합에서 잘못된 문자입니다(코드 페이지 65001).
C:\Users\Administrator\Desktop\Alex\PacMan\Pacman-master.cpp(1,1): warning C4828: 파일에 0x195b 오프셋에서 시작하는 문자가 포함되어 있습니다. 이 문자는 현재 원본 문자 집합에서 잘못된 문자입니다(코드 페이지 65001).
C:\Users\Administrator\Desktop\Alex\PacMan\Pacman-master.cpp(1,1): warning C4828: 파일에 0x195c 오프셋에서 시작하는 문자가 포함되어 있습니다. 이 문자는 현재 원본 문자 집합에서 잘못된 문자입니다(코드 페이지 65001).
C:\Users\Administrator\Desktop\Alex\PacMan\Pacman-master.cpp(1,1): warning C4828: 파일에 0x195e 오프셋에서 시작하는 문자가 포함되어 있습니다. 이 문자는 현재 원본 문자 집합에서 잘못된 문자입니다(코드 페이지 65001).
C:\Users\Administrator\Desktop\Alex\PacMan\Pacman-master.cpp(1,1): warning C4828: 파일에 0x195f 오프셋에서 시작하는 문자가 포함되어 있습니다. 이 문자는 현재 원본 문자 집합에서 잘못된 문자입니다(코드 페이지 65001).
C:\Users\Administrator\Desktop\Alex\PacMan\Pacman-master.cpp(1,1): warning C4828: 파일에 0x1960 오프셋에서 시작하는 문자가 포함되어 있습니다. 이 문자는 현재 원본 문자 집합에서 잘못된 문자입니다(코드 페이지 65001).
C:\Users\Administrator\Desktop\Alex\PacMan\Pacman-master.cpp(1,1): warning C4828: 파일에 0x1961 오프셋에서 시작하는 문자가 포함되어 있습니다. 이 문자는 현재 원본 문자 집합에서 잘못된 문자입니다(코드 페이지 65001).
C:\Users\Administrator\Desktop\Alex\PacMan\Pacman-master.cpp(1,1): warning C4828: 파일에 0x1965 오프셋에서 시작하는 문자가 포함되어 있습니다. 이 문자는 현재 원본 문자 집합에서 잘못된 문자입니다(코드 페이지 65001).
C:\Users\Administrator\Desktop\Alex\PacMan\Pacman-master.cpp(1,1): warning C4828: 파일에 0x1a9b 오프셋에서 시작하는 문자가 포함되어 있습니다. 이 문자는 현재 원본 문자 집합에서 잘못된 문자입니다(코드 페이지 65001).
C:\Users\Administrator\Desktop\Alex\PacMan\Pacman-master.cpp(1,1): warning C4828: 파일에 0x1a9c 오프셋에서 시작하는 문자가 포함되어 있습니다. 이 문자는 현재 원본 문자 집합에서 잘못된 문자입니다(코드 페이지 65001).
C:\Users\Administrator\Desktop\Alex\PacMan\Pacman-master.cpp(1,1): warning C4828: 파일에 0x1a9d 오프셋에서 시작하는 문자가 포함되어 있습니다. 이 문자는 현재 원본 문자 집합에서 잘못된 문자입니다(코드 페이지 65001).
C:\Users\Administrator\Desktop\Alex\PacMan\Pacman-master.cpp(1,1): warning C4828: 파일에 0x1a9e 오프셋에서 시작하는 문자가 포함되어 있습니다. 이 문자는 현재 원본 문자 집합에서 잘못된 문자입니다(코드 페이지 65001).
C:\Users\Administrator\Desktop\Alex\PacMan\Pacman-master.cpp(1,1): warning C4828: 파일에 0x1aa0 오프셋에서 시작하는 문자가 포함되어 있습니다. 이 문자는 현재 원본 문자 집합에서 잘못된 문자입니다(코드 페이지 65001).
C:\Users\Administrator\Desktop\Alex\PacMan\Pacman-master.cpp(1,1): warning C4828: 파일에 0x1aa1 오프셋에서 시작하는 문자가 포함되어 있습니다. 이 문자는 현재 원본 문자 집합에서 잘못된 문자입니다(코드 페이지 65001).
C:\Users\Administrator\Desktop\Alex\PacMan\Pacman-master.cpp(1,1): warning C4828: 파일에 0x1aa5 오프셋에서 시작하는 문자가 포함되어 있습니다. 이 문자는 현재 원본 문자 집합에서 잘못된 문자입니다(코드 페이지 65001).
C:\Users\Administrator\Desktop\Alex\PacMan\Pacman-master.cpp(1,1): warning C4828: 파일에 0x1ab1 오프셋에서 시작하는 문자가 포함되어 있습니다. 이 문자는 현재 원본 문자 집합에서 잘못된 문자입니다(코드 페이지 65001).
C:\Users\Administrator\Desktop\Alex\PacMan\Pacman-master.cpp(1,1): warning C4828: 파일에 0x1ab2 오프셋에서 시작하는 문자가 포함되어 있습니다. 이 문자는 현재 원본 문자 집합에서 잘못된 문자입니다(코드 페이지 65001).
C:\Users\Administrator\Desktop\Alex\PacMan\Pacman-master.cpp(1,1): warning C4828: 파일에 0x1ab4 오프셋에서 시작하는 문자가 포함되어 있습니다. 이 문자는 현재 원본 문자 집합에서 잘못된 문자입니다(코드 페이지 65001).
C:\Users\Administrator\Desktop\Alex\PacMan\Pacman-master.cpp(83,21): warning C4566: 유니버설 문자 이름 '\u00E3'(으)로 표현되는 문자는 현재 코드 페이지(949)에서 표현할 수 없습니다.
C:\Users\Administrator\Desktop\Alex\PacMan\Pacman-master.cpp(83,21): warning C4566: 유니버설 문자 이름 '\u03F4'(으)로 표현되는 문자는 현재 코드 페이지(949)에서 표현할 수 없습니다.
C:\Users\Administrator\Desktop\Alex\PacMan\Pacman-master.cpp(290,15): warning C4244: '인수': 'time_t'에서 'unsigned int'(으)로 변환하면서 데이터가 손실될 수 있습니다.
  PM06130439.cpp
C:\Users\Administrator\Desktop\Alex\PacMan\PM06130439.cpp(1,1): warning C4828: 파일에 0x119 오프셋에서 시작하는 문자가 포함되어 있습니다. 이 문자는 현재 원본 문자 집합에서 잘못된 문자입니다(코드 페이지 65001).
C:\Users\Administrator\Desktop\Alex\PacMan\PM06130439.cpp(1,1): warning C4828: 파일에 0x11a 오프셋에서 시작하는 문자가 포함되어 있습니다. 이 문자는 현재 원본 문자 집합에서 잘못된 문자입니다(코드 페이지 65001).
C:\Users\Administrator\Desktop\Alex\PacMan\PM06130439.cpp(1,1): warning C4828: 파일에 0x11c 오프셋에서 시작하는 문자가 포함되어 있습니다. 이 문자는 현재 원본 문자 집합에서 잘못된 문자입니다(코드 페이지 65001).
C:\Users\Administrator\Desktop\Alex\PacMan\PM06130439.cpp(1,1): warning C4828: 파일에 0x11d 오프셋에서 시작하는 문자가 포함되어 있습니다. 이 문자는 현재 원본 문자 집합에서 잘못된 문자입니다(코드 페이지 65001).
C:\Users\Administrator\Desktop\Alex\PacMan\PM06130439.cpp(1,1): warning C4828: 파일에 0x11e 오프셋에서 시작하는 문자가 포함되어 있습니다. 이 문자는 현재 원본 문자 집합에서 잘못된 문자입니다(코드 페이지 65001).
C:\Users\Administrator\Desktop\Alex\PacMan\PM06130439.cpp(1,1): warning C4828: 파일에 0x11f 오프셋에서 시작하는 문자가 포함되어 있습니다. 이 문자는 현재 원본 문자 집합에서 잘못된 문자입니다(코드 페이지 65001).
C:\Users\Administrator\Desktop\Alex\PacMan\PM06130439.cpp(1,1): warning C4828: 파일에 0x263 오프셋에서 시작하는 문자가 포함되어 있습니다. 이 문자는 현재 원본 문자 집합에서 잘못된 문자입니다(코드 페이지 65001).
C:\Users\Administrator\Desktop\Alex\PacMan\PM06130439.cpp(1,1): warning C4828: 파일에 0x264 오프셋에서 시작하는 문자가 포함되어 있습니다. 이 문자는 현재 원본 문자 집합에서 잘못된 문자입니다(코드 페이지 65001).
C:\Users\Administrator\Desktop\Alex\PacMan\PM06130439.cpp(1,1): warning C4828: 파일에 0x266 오프셋에서 시작하는 문자가 포함되어 있습니다. 이 문자는 현재 원본 문자 집합에서 잘못된 문자입니다(코드 페이지 65001).
C:\Users\Administrator\Desktop\Alex\PacMan\PM06130439.cpp(1,1): warning C4828: 파일에 0x267 오프셋에서 시작하는 문자가 포함되어 있습니다. 이 문자는 현재 원본 문자 집합에서 잘못된 문자입니다(코드 페이지 65001).
C:\Users\Administrator\Desktop\Alex\PacMan\PM06130439.cpp(1,1): warning C4828: 파일에 0x268 오프셋에서 시작하는 문자가 포함되어 있습니다. 이 문자는 현재 원본 문자 집합에서 잘못된 문자입니다(코드 페이지 65001).
C:\Users\Administrator\Desktop\Alex\PacMan\PM06130439.cpp(1,1): warning C4828: 파일에 0x269 오프셋에서 시작하는 문자가 포함되어 있습니다. 이 문자는 현재 원본 문자 집합에서 잘못된 문자입니다(코드 페이지 65001).
C:\Users\Administrator\Desktop\Alex\PacMan\PM06130439.cpp(1,1): warning C4828: 파일에 0x315 오프셋에서 시작하는 문자가 포함되어 있습니다. 이 문자는 현재 원본 문자 집합에서 잘못된 문자입니다(코드 페이지 65001).
C:\Users\Administrator\Desktop\Alex\PacMan\PM06130439.cpp(1,1): warning C4828: 파일에 0x316 오프셋에서 시작하는 문자가 포함되어 있습니다. 이 문자는 현재 원본 문자 집합에서 잘못된 문자입니다(코드 페이지 65001).
C:\Users\Administrator\Desktop\Alex\PacMan\PM06130439.cpp(1,1): warning C4828: 파일에 0x318 오프셋에서 시작하는 문자가 포함되어 있습니다. 이 문자는 현재 원본 문자 집합에서 잘못된 문자입니다(코드 페이지 65001).
C:\Users\Administrator\Desktop\Alex\PacMan\PM06130439.cpp(1,1): warning C4828: 파일에 0x31b 오프셋에서 시작하는 문자가 포함되어 있습니다. 이 문자는 현재 원본 문자 집합에서 잘못된 문자입니다(코드 페이지 65001).
C:\Users\Administrator\Desktop\Alex\PacMan\PM06130439.cpp(1,1): warning C4828: 파일에 0x31d 오프셋에서 시작하는 문자가 포함되어 있습니다. 이 문자는 현재 원본 문자 집합에서 잘못된 문자입니다(코드 페이지 65001).
C:\Users\Administrator\Desktop\Alex\PacMan\PM06130439.cpp(1,1): warning C4828: 파일에 0x320 오프셋에서 시작하는 문자가 포함되어 있습니다. 이 문자는 현재 원본 문자 집합에서 잘못된 문자입니다(코드 페이지 65001).
C:\Users\Administrator\Desktop\Alex\PacMan\PM06130439.cpp(1,1): warning C4828: 파일에 0x321 오프셋에서 시작하는 문자가 포함되어 있습니다. 이 문자는 현재 원본 문자 집합에서 잘못된 문자입니다(코드 페이지 65001).
C:\Users\Administrator\Desktop\Alex\PacMan\PM06130439.cpp(1,1): warning C4828: 파일에 0x322 오프셋에서 시작하는 문자가 포함되어 있습니다. 이 문자는 현재 원본 문자 집합에서 잘못된 문자입니다(코드 페이지 65001).
C:\Users\Administrator\Desktop\Alex\PacMan\PM06130439.cpp(1,1): warning C4828: 파일에 0x324 오프셋에서 시작하는 문자가 포함되어 있습니다. 이 문자는 현재 원본 문자 집합에서 잘못된 문자입니다(코드 페이지 65001).
C:\Users\Administrator\Desktop\Alex\PacMan\PM06130439.cpp(1,1): warning C4828: 파일에 0x325 오프셋에서 시작하는 문자가 포함되어 있습니다. 이 문자는 현재 원본 문자 집합에서 잘못된 문자입니다(코드 페이지 65001).
C:\Users\Administrator\Desktop\Alex\PacMan\PM06130439.cpp(1,1): warning C4828: 파일에 0x326 오프셋에서 시작하는 문자가 포함되어 있습니다. 이 문자는 현재 원본 문자 집합에서 잘못된 문자입니다(코드 페이지 65001).
C:\Users\Administrator\Desktop\Alex\PacMan\PM06130439.cpp(1,1): warning C4828: 파일에 0x327 오프셋에서 시작하는 문자가 포함되어 있습니다. 이 문자는 현재 원본 문자 집합에서 잘못된 문자입니다(코드 페이지 65001).
C:\Users\Administrator\Desktop\Alex\PacMan\PM06130439.cpp(1,1): warning C4828: 파일에 0x32a 오프셋에서 시작하는 문자가 포함되어 있습니다. 이 문자는 현재 원본 문자 집합에서 잘못된 문자입니다(코드 페이지 65001).
C:\Users\Administrator\Desktop\Alex\PacMan\PM06130439.cpp(1,1): warning C4828: 파일에 0x32b 오프셋에서 시작하는 문자가 포함되어 있습니다. 이 문자는 현재 원본 문자 집합에서 잘못된 문자입니다(코드 페이지 65001).
C:\Users\Administrator\Desktop\Alex\PacMan\PM06130439.cpp(1,1): warning C4828: 파일에 0x32e 오프셋에서 시작하는 문자가 포함되어 있습니다. 이 문자는 현재 원본 문자 집합에서 잘못된 문자입니다(코드 페이지 65001).
C:\Users\Administrator\Desktop\Alex\PacMan\PM06130439.cpp(1,1): warning C4828: 파일에 0x32f 오프셋에서 시작하는 문자가 포함되어 있습니다. 이 문자는 현재 원본 문자 집합에서 잘못된 문자입니다(코드 페이지 65001).
C:\Users\Administrator\Desktop\Alex\PacMan\PM06130439.cpp(1,1): warning C4828: 파일에 0x334 오프셋에서 시작하는 문자가 포함되어 있습니다. 이 문자는 현재 원본 문자 집합에서 잘못된 문자입니다(코드 페이지 65001).
C:\Users\Administrator\Desktop\Alex\PacMan\PM06130439.cpp(1,1): warning C4828: 파일에 0x335 오프셋에서 시작하는 문자가 포함되어 있습니다. 이 문자는 현재 원본 문자 집합에서 잘못된 문자입니다(코드 페이지 65001).
C:\Users\Administrator\Desktop\Alex\PacMan\PM06130439.cpp(1,1): warning C4828: 파일에 0x38b 오프셋에서 시작하는 문자가 포함되어 있습니다. 이 문자는 현재 원본 문자 집합에서 잘못된 문자입니다(코드 페이지 65001).
C:\Users\Administrator\Desktop\Alex\PacMan\PM06130439.cpp(1,1): warning C4828: 파일에 0x38c 오프셋에서 시작하는 문자가 포함되어 있습니다. 이 문자는 현재 원본 문자 집합에서 잘못된 문자입니다(코드 페이지 65001).
C:\Users\Administrator\Desktop\Alex\PacMan\PM06130439.cpp(1,1): warning C4828: 파일에 0x38d 오프셋에서 시작하는 문자가 포함되어 있습니다. 이 문자는 현재 원본 문자 집합에서 잘못된 문자입니다(코드 페이지 65001).
C:\Users\Administrator\Desktop\Alex\PacMan\PM06130439.cpp(1,1): warning C4828: 파일에 0x38e 오프셋에서 시작하는 문자가 포함되어 있습니다. 이 문자는 현재 원본 문자 집합에서 잘못된 문자입니다(코드 페이지 65001).
C:\Users\Administrator\Desktop\Alex\PacMan\PM06130439.cpp(1,1): warning C4828: 파일에 0x392 오프셋에서 시작하는 문자가 포함되어 있습니다. 이 문자는 현재 원본 문자 집합에서 잘못된 문자입니다(코드 페이지 65001).
C:\Users\Administrator\Desktop\Alex\PacMan\PM06130439.cpp(1,1): warning C4828: 파일에 0x393 오프셋에서 시작하는 문자가 포함되어 있습니다. 이 문자는 현재 원본 문자 집합에서 잘못된 문자입니다(코드 페이지 65001).
C:\Users\Administrator\Desktop\Alex\PacMan\PM06130439.cpp(1,1): warning C4828: 파일에 0x395 오프셋에서 시작하는 문자가 포함되어 있습니다. 이 문자는 현재 원본 문자 집합에서 잘못된 문자입니다(코드 페이지 65001).
C:\Users\Administrator\Desktop\Alex\PacMan\PM06130439.cpp(1,1): warning C4828: 파일에 0x397 오프셋에서 시작하는 문자가 포함되어 있습니다. 이 문자는 현재 원본 문자 집합에서 잘못된 문자입니다(코드 페이지 65001).
C:\Users\Administrator\Desktop\Alex\PacMan\PM06130439.cpp(1,1): warning C4828: 파일에 0x398 오프셋에서 시작하는 문자가 포함되어 있습니다. 이 문자는 현재 원본 문자 집합에서 잘못된 문자입니다(코드 페이지 65001).
C:\Users\Administrator\Desktop\Alex\PacMan\PM06130439.cpp(1,1): warning C4828: 파일에 0x399 오프셋에서 시작하는 문자가 포함되어 있습니다. 이 문자는 현재 원본 문자 집합에서 잘못된 문자입니다(코드 페이지 65001).
C:\Users\Administrator\Desktop\Alex\PacMan\PM06130439.cpp(1,1): warning C4828: 파일에 0x39c 오프셋에서 시작하는 문자가 포함되어 있습니다. 이 문자는 현재 원본 문자 집합에서 잘못된 문자입니다(코드 페이지 65001).
C:\Users\Administrator\Desktop\Alex\PacMan\PM06130439.cpp(1,1): warning C4828: 파일에 0x39d 오프셋에서 시작하는 문자가 포함되어 있습니다. 이 문자는 현재 원본 문자 집합에서 잘못된 문자입니다(코드 페이지 65001).
C:\Users\Administrator\Desktop\Alex\PacMan\PM06130439.cpp(1,1): warning C4828: 파일에 0x39e 오프셋에서 시작하는 문자가 포함되어 있습니다. 이 문자는 현재 원본 문자 집합에서 잘못된 문자입니다(코드 페이지 65001).
C:\Users\Administrator\Desktop\Alex\PacMan\PM06130439.cpp(1,1): warning C4828: 파일에 0x3a0 오프셋에서 시작하는 문자가 포함되어 있습니다. 이 문자는 현재 원본 문자 집합에서 잘못된 문자입니다(코드 페이지 65001).
C:\Users\Administrator\Desktop\Alex\PacMan\PM06130439.cpp(1,1): warning C4828: 파일에 0x3a1 오프셋에서 시작하는 문자가 포함되어 있습니다. 이 문자는 현재 원본 문자 집합에서 잘못된 문자입니다(코드 페이지 65001).
C:\Users\Administrator\Desktop\Alex\PacMan\PM06130439.cpp(1,1): warning C4828: 파일에 0x3a7 오프셋에서 시작하는 문자가 포함되어 있습니다. 이 문자는 현재 원본 문자 집합에서 잘못된 문자입니다(코드 페이지 65001).
C:\Users\Administrator\Desktop\Alex\PacMan\PM06130439.cpp(1,1): warning C4828: 파일에 0x3a9 오프셋에서 시작하는 문자가 포함되어 있습니다. 이 문자는 현재 원본 문자 집합에서 잘못된 문자입니다(코드 페이지 65001).
C:\Users\Administrator\Desktop\Alex\PacMan\PM06130439.cpp(1,1): warning C4828: 파일에 0x3aa 오프셋에서 시작하는 문자가 포함되어 있습니다. 이 문자는 현재 원본 문자 집합에서 잘못된 문자입니다(코드 페이지 65001).
C:\Users\Administrator\Desktop\Alex\PacMan\PM06130439.cpp(1,1): warning C4828: 파일에 0x3ab 오프셋에서 시작하는 문자가 포함되어 있습니다. 이 문자는 현재 원본 문자 집합에서 잘못된 문자입니다(코드 페이지 65001).
C:\Users\Administrator\Desktop\Alex\PacMan\PM06130439.cpp(1,1): warning C4828: 파일에 0x3ac 오프셋에서 시작하는 문자가 포함되어 있습니다. 이 문자는 현재 원본 문자 집합에서 잘못된 문자입니다(코드 페이지 65001).
C:\Users\Administrator\Desktop\Alex\PacMan\PM06130439.cpp(1,1): warning C4828: 파일에 0x3af 오프셋에서 시작하는 문자가 포함되어 있습니다. 이 문자는 현재 원본 문자 집합에서 잘못된 문자입니다(코드 페이지 65001).
C:\Users\Administrator\Desktop\Alex\PacMan\PM06130439.cpp(1,1): warning C4828: 파일에 0x3b0 오프셋에서 시작하는 문자가 포함되어 있습니다. 이 문자는 현재 원본 문자 집합에서 잘못된 문자입니다(코드 페이지 65001).
C:\Users\Administrator\Desktop\Alex\PacMan\PM06130439.cpp(1,1): warning C4828: 파일에 0x3b1 오프셋에서 시작하는 문자가 포함되어 있습니다. 이 문자는 현재 원본 문자 집합에서 잘못된 문자입니다(코드 페이지 65001).
C:\Users\Administrator\Desktop\Alex\PacMan\PM06130439.cpp(1,1): warning C4828: 파일에 0x3b2 오프셋에서 시작하는 문자가 포함되어 있습니다. 이 문자는 현재 원본 문자 집합에서 잘못된 문자입니다(코드 페이지 65001).
C:\Users\Administrator\Desktop\Alex\PacMan\PM06130439.cpp(1,1): warning C4828: 파일에 0x3b6 오프셋에서 시작하는 문자가 포함되어 있습니다. 이 문자는 현재 원본 문자 집합에서 잘못된 문자입니다(코드 페이지 65001).
C:\Users\Administrator\Desktop\Alex\PacMan\PM06130439.cpp(1,1): warning C4828: 파일에 0x3b7 오프셋에서 시작하는 문자가 포함되어 있습니다. 이 문자는 현재 원본 문자 집합에서 잘못된 문자입니다(코드 페이지 65001).
C:\Users\Administrator\Desktop\Alex\PacMan\PM06130439.cpp(1,1): warning C4828: 파일에 0x3bb 오프셋에서 시작하는 문자가 포함되어 있습니다. 이 문자는 현재 원본 문자 집합에서 잘못된 문자입니다(코드 페이지 65001).
C:\Users\Administrator\Desktop\Alex\PacMan\PM06130439.cpp(1,1): warning C4828: 파일에 0x3bc 오프셋에서 시작하는 문자가 포함되어 있습니다. 이 문자는 현재 원본 문자 집합에서 잘못된 문자입니다(코드 페이지 65001).
C:\Users\Administrator\Desktop\Alex\PacMan\PM06130439.cpp(1,1): warning C4828: 파일에 0x3c0 오프셋에서 시작하는 문자가 포함되어 있습니다. 이 문자는 현재 원본 문자 집합에서 잘못된 문자입니다(코드 페이지 65001).
C:\Users\Administrator\Desktop\Alex\PacMan\PM06130439.cpp(1,1): warning C4828: 파일에 0x3c1 오프셋에서 시작하는 문자가 포함되어 있습니다. 이 문자는 현재 원본 문자 집합에서 잘못된 문자입니다(코드 페이지 65001).
C:\Users\Administrator\Desktop\Alex\PacMan\PM06130439.cpp(1,1): warning C4828: 파일에 0x3c2 오프셋에서 시작하는 문자가 포함되어 있습니다. 이 문자는 현재 원본 문자 집합에서 잘못된 문자입니다(코드 페이지 65001).
C:\Users\Administrator\Desktop\Alex\PacMan\PM06130439.cpp(1,1): warning C4828: 파일에 0x3c3 오프셋에서 시작하는 문자가 포함되어 있습니다. 이 문자는 현재 원본 문자 집합에서 잘못된 문자입니다(코드 페이지 65001).
C:\Users\Administrator\Desktop\Alex\PacMan\PM06130439.cpp(1,1): warning C4828: 파일에 0x45a 오프셋에서 시작하는 문자가 포함되어 있습니다. 이 문자는 현재 원본 문자 집합에서 잘못된 문자입니다(코드 페이지 65001).
C:\Users\Administrator\Desktop\Alex\PacMan\PM06130439.cpp(1,1): warning C4828: 파일에 0x45b 오프셋에서 시작하는 문자가 포함되어 있습니다. 이 문자는 현재 원본 문자 집합에서 잘못된 문자입니다(코드 페이지 65001).
C:\Users\Administrator\Desktop\Alex\PacMan\PM06130439.cpp(1,1): warning C4828: 파일에 0x45d 오프셋에서 시작하는 문자가 포함되어 있습니다. 이 문자는 현재 원본 문자 집합에서 잘못된 문자입니다(코드 페이지 65001).
C:\Users\Administrator\Desktop\Alex\PacMan\PM06130439.cpp(1,1): warning C4828: 파일에 0x45f 오프셋에서 시작하는 문자가 포함되어 있습니다. 이 문자는 현재 원본 문자 집합에서 잘못된 문자입니다(코드 페이지 65001).
C:\Users\Administrator\Desktop\Alex\PacMan\PM06130439.cpp(1,1): warning C4828: 파일에 0x460 오프셋에서 시작하는 문자가 포함되어 있습니다. 이 문자는 현재 원본 문자 집합에서 잘못된 문자입니다(코드 페이지 65001).
C:\Users\Administrator\Desktop\Alex\PacMan\PM06130439.cpp(1,1): warning C4828: 파일에 0x464 오프셋에서 시작하는 문자가 포함되어 있습니다. 이 문자는 현재 원본 문자 집합에서 잘못된 문자입니다(코드 페이지 65001).
C:\Users\Administrator\Desktop\Alex\PacMan\PM06130439.cpp(1,1): warning C4828: 파일에 0x465 오프셋에서 시작하는 문자가 포함되어 있습니다. 이 문자는 현재 원본 문자 집합에서 잘못된 문자입니다(코드 페이지 65001).
C:\Users\Administrator\Desktop\Alex\PacMan\PM06130439.cpp(1,1): warning C4828: 파일에 0x467 오프셋에서 시작하는 문자가 포함되어 있습니다. 이 문자는 현재 원본 문자 집합에서 잘못된 문자입니다(코드 페이지 65001).
C:\Users\Administrator\Desktop\Alex\PacMan\PM06130439.cpp(1,1): warning C4828: 파일에 0x468 오프셋에서 시작하는 문자가 포함되어 있습니다. 이 문자는 현재 원본 문자 집합에서 잘못된 문자입니다(코드 페이지 65001).
C:\Users\Administrator\Desktop\Alex\PacMan\PM06130439.cpp(1,1): warning C4828: 파일에 0x469 오프셋에서 시작하는 문자가 포함되어 있습니다. 이 문자는 현재 원본 문자 집합에서 잘못된 문자입니다(코드 페이지 65001).
C:\Users\Administrator\Desktop\Alex\PacMan\PM06130439.cpp(1,1): warning C4828: 파일에 0x46b 오프셋에서 시작하는 문자가 포함되어 있습니다. 이 문자는 현재 원본 문자 집합에서 잘못된 문자입니다(코드 페이지 65001).
C:\Users\Administrator\Desktop\Alex\PacMan\PM06130439.cpp(1,1): warning C4828: 파일에 0x470 오프셋에서 시작하는 문자가 포함되어 있습니다. 이 문자는 현재 원본 문자 집합에서 잘못된 문자입니다(코드 페이지 65001).
C:\Users\Administrator\Desktop\Alex\PacMan\PM06130439.cpp(1,1): warning C4828: 파일에 0x471 오프셋에서 시작하는 문자가 포함되어 있습니다. 이 문자는 현재 원본 문자 집합에서 잘못된 문자입니다(코드 페이지 65001).
C:\Users\Administrator\Desktop\Alex\PacMan\PM06130439.cpp(1,1): warning C4828: 파일에 0x477 오프셋에서 시작하는 문자가 포함되어 있습니다. 이 문자는 현재 원본 문자 집합에서 잘못된 문자입니다(코드 페이지 65001).
C:\Users\Administrator\Desktop\Alex\PacMan\PM06130439.cpp(1,1): warning C4828: 파일에 0x479 오프셋에서 시작하는 문자가 포함되어 있습니다. 이 문자는 현재 원본 문자 집합에서 잘못된 문자입니다(코드 페이지 65001).
C:\Users\Administrator\Desktop\Alex\PacMan\PM06130439.cpp(1,1): warning C4828: 파일에 0x47a 오프셋에서 시작하는 문자가 포함되어 있습니다. 이 문자는 현재 원본 문자 집합에서 잘못된 문자입니다(코드 페이지 65001).
C:\Users\Administrator\Desktop\Alex\PacMan\PM06130439.cpp(1,1): warning C4828: 파일에 0x47e 오프셋에서 시작하는 문자가 포함되어 있습니다. 이 문자는 현재 원본 문자 집합에서 잘못된 문자입니다(코드 페이지 65001).
C:\Users\Administrator\Desktop\Alex\PacMan\PM06130439.cpp(1,1): warning C4828: 파일에 0x481 오프셋에서 시작하는 문자가 포함되어 있습니다. 이 문자는 현재 원본 문자 집합에서 잘못된 문자입니다(코드 페이지 65001).
C:\Users\Administrator\Desktop\Alex\PacMan\PM06130439.cpp(1,1): warning C4828: 파일에 0x482 오프셋에서 시작하는 문자가 포함되어 있습니다. 이 문자는 현재 원본 문자 집합에서 잘못된 문자입니다(코드 페이지 65001).
C:\Users\Administrator\Desktop\Alex\PacMan\PM06130439.cpp(1,1): warning C4828: 파일에 0x483 오프셋에서 시작하는 문자가 포함되어 있습니다. 이 문자는 현재 원본 문자 집합에서 잘못된 문자입니다(코드 페이지 65001).
C:\Users\Administrator\Desktop\Alex\PacMan\PM06130439.cpp(1,1): warning C4828: 파일에 0x485 오프셋에서 시작하는 문자가 포함되어 있습니다. 이 문자는 현재 원본 문자 집합에서 잘못된 문자입니다(코드 페이지 65001).
C:\Users\Administrator\Desktop\Alex\PacMan\PM06130439.cpp(1,1): warning C4828: 파일에 0x486 오프셋에서 시작하는 문자가 포함되어 있습니다. 이 문자는 현재 원본 문자 집합에서 잘못된 문자입니다(코드 페이지 65001).
C:\Users\Administrator\Desktop\Alex\PacMan\PM06130439.cpp(1,1): warning C4828: 파일에 0x487 오프셋에서 시작하는 문자가 포함되어 있습니다. 이 문자는 현재 원본 문자 집합에서 잘못된 문자입니다(코드 페이지 65001).
C:\Users\Administrator\Desktop\Alex\PacMan\PM06130439.cpp(1,1): warning C4828: 파일에 0x488 오프셋에서 시작하는 문자가 포함되어 있습니다. 이 문자는 현재 원본 문자 집합에서 잘못된 문자입니다(코드 페이지 65001).
C:\Users\Administrator\Desktop\Alex\PacMan\PM06130439.cpp(1,1): warning C4828: 파일에 0x5c2 오프셋에서 시작하는 문자가 포함되어 있습니다. 이 문자는 현재 원본 문자 집합에서 잘못된 문자입니다(코드 페이지 65001).
C:\Users\Administrator\Desktop\Alex\PacMan\PM06130439.cpp(1,1): warning C4828: 파일에 0x5c3 오프셋에서 시작하는 문자가 포함되어 있습니다. 이 문자는 현재 원본 문자 집합에서 잘못된 문자입니다(코드 페이지 65001).
C:\Users\Administrator\Desktop\Alex\PacMan\PM06130439.cpp(1,1): warning C4828: 파일에 0x5c5 오프셋에서 시작하는 문자가 포함되어 있습니다. 이 문자는 현재 원본 문자 집합에서 잘못된 문자입니다(코드 페이지 65001).
C:\Users\Administrator\Desktop\Alex\PacMan\PM06130439.cpp(1,1): warning C4828: 파일에 0x5c7 오프셋에서 시작하는 문자가 포함되어 있습니다. 이 문자는 현재 원본 문자 집합에서 잘못된 문자입니다(코드 페이지 65001).
C:\Users\Administrator\Desktop\Alex\PacMan\PM06130439.cpp(1,1): warning C4828: 파일에 0x5c8 오프셋에서 시작하는 문자가 포함되어 있습니다. 이 문자는 현재 원본 문자 집합에서 잘못된 문자입니다(코드 페이지 65001).
C:\Users\Administrator\Desktop\Alex\PacMan\PM06130439.cpp(1,1): warning C4828: 파일에 0x5ca 오프셋에서 시작하는 문자가 포함되어 있습니다. 이 문자는 현재 원본 문자 집합에서 잘못된 문자입니다(코드 페이지 65001).
C:\Users\Administrator\Desktop\Alex\PacMan\PM06130439.cpp(1,1): warning C4828: 파일에 0x5ce 오프셋에서 시작하는 문자가 포함되어 있습니다. 이 문자는 현재 원본 문자 집합에서 잘못된 문자입니다(코드 페이지 65001).
C:\Users\Administrator\Desktop\Alex\PacMan\PM06130439.cpp(1,1): warning C4828: 파일에 0x5cf 오프셋에서 시작하는 문자가 포함되어 있습니다. 이 문자는 현재 원본 문자 집합에서 잘못된 문자입니다(코드 페이지 65001).
C:\Users\Administrator\Desktop\Alex\PacMan\PM06130439.cpp(1,1): warning C4828: 파일에 0x5d1 오프셋에서 시작하는 문자가 포함되어 있습니다. 이 문자는 현재 원본 문자 집합에서 잘못된 문자입니다(코드 페이지 65001).
C:\Users\Administrator\Desktop\Alex\PacMan\PM06130439.cpp(1,1): warning C4828: 파일에 0x5d2 오프셋에서 시작하는 문자가 포함되어 있습니다. 이 문자는 현재 원본 문자 집합에서 잘못된 문자입니다(코드 페이지 65001).
C:\Users\Administrator\Desktop\Alex\PacMan\PM06130439.cpp(1,1): warning C4828: 파일에 0x5d6 오프셋에서 시작하는 문자가 포함되어 있습니다. 이 문자는 현재 원본 문자 집합에서 잘못된 문자입니다(코드 페이지 65001).
C:\Users\Administrator\Desktop\Alex\PacMan\PM06130439.cpp(1,1): warning C4828: 파일에 0x5d7 오프셋에서 시작하는 문자가 포함되어 있습니다. 이 문자는 현재 원본 문자 집합에서 잘못된 문자입니다(코드 페이지 65001).
C:\Users\Administrator\Desktop\Alex\PacMan\PM06130439.cpp(1,1): warning C4828: 파일에 0x5d8 오프셋에서 시작하는 문자가 포함되어 있습니다. 이 문자는 현재 원본 문자 집합에서 잘못된 문자입니다(코드 페이지 65001).
C:\Users\Administrator\Desktop\Alex\PacMan\PM06130439.cpp(1,1): warning C4828: 파일에 0x5db 오프셋에서 시작하는 문자가 포함되어 있습니다. 이 문자는 현재 원본 문자 집합에서 잘못된 문자입니다(코드 페이지 65001).
C:\Users\Administrator\Desktop\Alex\PacMan\PM06130439.cpp(1,1): warning C4828: 파일에 0xd72 오프셋에서 시작하는 문자가 포함되어 있습니다. 이 문자는 현재 원본 문자 집합에서 잘못된 문자입니다(코드 페이지 65001).
C:\Users\Administrator\Desktop\Alex\PacMan\PM06130439.cpp(1,1): warning C4828: 파일에 0xd73 오프셋에서 시작하는 문자가 포함되어 있습니다. 이 문자는 현재 원본 문자 집합에서 잘못된 문자입니다(코드 페이지 65001).
C:\Users\Administrator\Desktop\Alex\PacMan\PM06130439.cpp(1,1): warning C4828: 파일에 0xd74 오프셋에서 시작하는 문자가 포함되어 있습니다. 이 문자는 현재 원본 문자 집합에서 잘못된 문자입니다(코드 페이지 65001).
C:\Users\Administrator\Desktop\Alex\PacMan\PM06130439.cpp(1,1): warning C4828: 파일에 0xd75 오프셋에서 시작하는 문자가 포함되어 있습니다. 이 문자는 현재 원본 문자 집합에서 잘못된 문자입니다(코드 페이지 65001).
C:\Users\Administrator\Desktop\Alex\PacMan\PM06130439.cpp(1,1): warning C4828: 파일에 0xd77 오프셋에서 시작하는 문자가 포함되어 있습니다. 이 문자는 현재 원본 문자 집합에서 잘못된 문자입니다(코드 페이지 65001).
C:\Users\Administrator\Desktop\Alex\PacMan\PM06130439.cpp(1,1): warning C4828: 파일에 0xd7a 오프셋에서 시작하는 문자가 포함되어 있습니다. 이 문자는 현재 원본 문자 집합에서 잘못된 문자입니다(코드 페이지 65001).
C:\Users\Administrator\Desktop\Alex\PacMan\PM06130439.cpp(1,1): warning C4828: 파일에 0xd7c 오프셋에서 시작하는 문자가 포함되어 있습니다. 이 문자는 현재 원본 문자 집합에서 잘못된 문자입니다(코드 페이지 65001).
C:\Users\Administrator\Desktop\Alex\PacMan\PM06130439.cpp(1,1): warning C4828: 파일에 0xd7d 오프셋에서 시작하는 문자가 포함되어 있습니다. 이 문자는 현재 원본 문자 집합에서 잘못된 문자입니다(코드 페이지 65001).
C:\Users\Administrator\Desktop\Alex\PacMan\PM06130439.cpp(1,1): warning C4828: 파일에 0xd81 오프셋에서 시작하는 문자가 포함되어 있습니다. 이 문자는 현재 원본 문자 집합에서 잘못된 문자입니다(코드 페이지 65001).
C:\Users\Administrator\Desktop\Alex\PacMan\PM06130439.cpp(1,1): warning C4828: 파일에 0xd82 오프셋에서 시작하는 문자가 포함되어 있습니다. 이 문자는 현재 원본 문자 집합에서 잘못된 문자입니다(코드 페이지 65001).
C:\Users\Administrator\Desktop\Alex\PacMan\PM06130439.cpp(1,1): warning C4828: 파일에 0xefe 오프셋에서 시작하는 문자가 포함되어 있습니다. 이 문자는 현재 원본 문자 집합에서 잘못된 문자입니다(코드 페이지 65001).
C:\Users\Administrator\Desktop\Alex\PacMan\PM06130439.cpp(1,1): warning C4828: 파일에 0xeff 오프셋에서 시작하는 문자가 포함되어 있습니다. 이 문자는 현재 원본 문자 집합에서 잘못된 문자입니다(코드 페이지 65001).
C:\Users\Administrator\Desktop\Alex\PacMan\PM06130439.cpp(1,1): warning C4828: 파일에 0xf00 오프셋에서 시작하는 문자가 포함되어 있습니다. 이 문자는 현재 원본 문자 집합에서 잘못된 문자입니다(코드 페이지 65001).
C:\Users\Administrator\Desktop\Alex\PacMan\PM06130439.cpp(1,1): warning C4828: 파일에 0xf01 오프셋에서 시작하는 문자가 포함되어 있습니다. 이 문자는 현재 원본 문자 집합에서 잘못된 문자입니다(코드 페이지 65001).
C:\Users\Administrator\Desktop\Alex\PacMan\PM06130439.cpp(1,1): warning C4828: 파일에 0xf03 오프셋에서 시작하는 문자가 포함되어 있습니다. 이 문자는 현재 원본 문자 집합에서 잘못된 문자입니다(코드 페이지 65001).
C:\Users\Administrator\Desktop\Alex\PacMan\PM06130439.cpp(1,1): warning C4828: 파일에 0xf06 오프셋에서 시작하는 문자가 포함되어 있습니다. 이 문자는 현재 원본 문자 집합에서 잘못된 문자입니다(코드 페이지 65001).
C:\Users\Administrator\Desktop\Alex\PacMan\PM06130439.cpp(1,1): warning C4828: 파일에 0xf4d 오프셋에서 시작하는 문자가 포함되어 있습니다. 이 문자는 현재 원본 문자 집합에서 잘못된 문자입니다(코드 페이지 65001).
C:\Users\Administrator\Desktop\Alex\PacMan\PM06130439.cpp(1,1): warning C4828: 파일에 0xf50 오프셋에서 시작하는 문자가 포함되어 있습니다. 이 문자는 현재 원본 문자 집합에서 잘못된 문자입니다(코드 페이지 65001).
C:\Users\Administrator\Desktop\Alex\PacMan\PM06130439.cpp(1,1): warning C4828: 파일에 0xf51 오프셋에서 시작하는 문자가 포함되어 있습니다. 이 문자는 현재 원본 문자 집합에서 잘못된 문자입니다(코드 페이지 65001).
C:\Users\Administrator\Desktop\Alex\PacMan\PM06130439.cpp(1,1): warning C4828: 파일에 0xf52 오프셋에서 시작하는 문자가 포함되어 있습니다. 이 문자는 현재 원본 문자 집합에서 잘못된 문자입니다(코드 페이지 65001).
C:\Users\Administrator\Desktop\Alex\PacMan\PM06130439.cpp(1,1): warning C4828: 파일에 0xf54 오프셋에서 시작하는 문자가 포함되어 있습니다. 이 문자는 현재 원본 문자 집합에서 잘못된 문자입니다(코드 페이지 65001).
C:\Users\Administrator\Desktop\Alex\PacMan\PM06130439.cpp(1,1): warning C4828: 파일에 0xf57 오프셋에서 시작하는 문자가 포함되어 있습니다. 이 문자는 현재 원본 문자 집합에서 잘못된 문자입니다(코드 페이지 65001).
C:\Users\Administrator\Desktop\Alex\PacMan\PM06130439.cpp(1,1): warning C4828: 파일에 0xf94 오프셋에서 시작하는 문자가 포함되어 있습니다. 이 문자는 현재 원본 문자 집합에서 잘못된 문자입니다(코드 페이지 65001).
C:\Users\Administrator\Desktop\Alex\PacMan\PM06130439.cpp(1,1): warning C4828: 파일에 0xf95 오프셋에서 시작하는 문자가 포함되어 있습니다. 이 문자는 현재 원본 문자 집합에서 잘못된 문자입니다(코드 페이지 65001).
C:\Users\Administrator\Desktop\Alex\PacMan\PM06130439.cpp(1,1): warning C4828: 파일에 0xf97 오프셋에서 시작하는 문자가 포함되어 있습니다. 이 문자는 현재 원본 문자 집합에서 잘못된 문자입니다(코드 페이지 65001).
C:\Users\Administrator\Desktop\Alex\PacMan\PM06130439.cpp(1,1): warning C4828: 파일에 0xf99 오프셋에서 시작하는 문자가 포함되어 있습니다. 이 문자는 현재 원본 문자 집합에서 잘못된 문자입니다(코드 페이지 65001).
C:\Users\Administrator\Desktop\Alex\PacMan\PM06130439.cpp(1,1): warning C4828: 파일에 0xf9c 오프셋에서 시작하는 문자가 포함되어 있습니다. 이 문자는 현재 원본 문자 집합에서 잘못된 문자입니다(코드 페이지 65001).
C:\Users\Administrator\Desktop\Alex\PacMan\PM06130439.cpp(1,1): warning C4828: 파일에 0xfe3 오프셋에서 시작하는 문자가 포함되어 있습니다. 이 문자는 현재 원본 문자 집합에서 잘못된 문자입니다(코드 페이지 65001).
C:\Users\Administrator\Desktop\Alex\PacMan\PM06130439.cpp(1,1): warning C4828: 파일에 0xfe4 오프셋에서 시작하는 문자가 포함되어 있습니다. 이 문자는 현재 원본 문자 집합에서 잘못된 문자입니다(코드 페이지 65001).
C:\Users\Administrator\Desktop\Alex\PacMan\PM06130439.cpp(1,1): warning C4828: 파일에 0xfe5 오프셋에서 시작하는 문자가 포함되어 있습니다. 이 문자는 현재 원본 문자 집합에서 잘못된 문자입니다(코드 페이지 65001).
C:\Users\Administrator\Desktop\Alex\PacMan\PM06130439.cpp(1,1): warning C4828: 파일에 0xfe6 오프셋에서 시작하는 문자가 포함되어 있습니다. 이 문자는 현재 원본 문자 집합에서 잘못된 문자입니다(코드 페이지 65001).
C:\Users\Administrator\Desktop\Alex\PacMan\PM06130439.cpp(1,1): warning C4828: 파일에 0xfe7 오프셋에서 시작하는 문자가 포함되어 있습니다. 이 문자는 현재 원본 문자 집합에서 잘못된 문자입니다(코드 페이지 65001).
C:\Users\Administrator\Desktop\Alex\PacMan\PM06130439.cpp(1,1): warning C4828: 파일에 0xfea 오프셋에서 시작하는 문자가 포함되어 있습니다. 이 문자는 현재 원본 문자 집합에서 잘못된 문자입니다(코드 페이지 65001).
C:\Users\Administrator\Desktop\Alex\PacMan\PM06130439.cpp(1,1): warning C4828: 파일에 0xfed 오프셋에서 시작하는 문자가 포함되어 있습니다. 이 문자는 현재 원본 문자 집합에서 잘못된 문자입니다(코드 페이지 65001).
C:\Users\Administrator\Desktop\Alex\PacMan\PM06130439.cpp(1,1): warning C4828: 파일에 0x1010 오프셋에서 시작하는 문자가 포함되어 있습니다. 이 문자는 현재 원본 문자 집합에서 잘못된 문자입니다(코드 페이지 65001).
C:\Users\Administrator\Desktop\Alex\PacMan\PM06130439.cpp(1,1): warning C4828: 파일에 0x1011 오프셋에서 시작하는 문자가 포함되어 있습니다. 이 문자는 현재 원본 문자 집합에서 잘못된 문자입니다(코드 페이지 65001).
C:\Users\Administrator\Desktop\Alex\PacMan\PM06130439.cpp(1,1): warning C4828: 파일에 0x1017 오프셋에서 시작하는 문자가 포함되어 있습니다. 이 문자는 현재 원본 문자 집합에서 잘못된 문자입니다(코드 페이지 65001).
C:\Users\Administrator\Desktop\Alex\PacMan\PM06130439.cpp(1,1): warning C4828: 파일에 0x1018 오프셋에서 시작하는 문자가 포함되어 있습니다. 이 문자는 현재 원본 문자 집합에서 잘못된 문자입니다(코드 페이지 65001).
C:\Users\Administrator\Desktop\Alex\PacMan\PM06130439.cpp(1,1): warning C4828: 파일에 0x101a 오프셋에서 시작하는 문자가 포함되어 있습니다. 이 문자는 현재 원본 문자 집합에서 잘못된 문자입니다(코드 페이지 65001).
C:\Users\Administrator\Desktop\Alex\PacMan\PM06130439.cpp(1,1): warning C4828: 파일에 0x101f 오프셋에서 시작하는 문자가 포함되어 있습니다. 이 문자는 현재 원본 문자 집합에서 잘못된 문자입니다(코드 페이지 65001).
C:\Users\Administrator\Desktop\Alex\PacMan\PM06130439.cpp(1,1): warning C4828: 파일에 0x1024 오프셋에서 시작하는 문자가 포함되어 있습니다. 이 문자는 현재 원본 문자 집합에서 잘못된 문자입니다(코드 페이지 65001).
C:\Users\Administrator\Desktop\Alex\PacMan\PM06130439.cpp(1,1): warning C4828: 파일에 0x1025 오프셋에서 시작하는 문자가 포함되어 있습니다. 이 문자는 현재 원본 문자 집합에서 잘못된 문자입니다(코드 페이지 65001).
C:\Users\Administrator\Desktop\Alex\PacMan\PM06130439.cpp(1,1): warning C4828: 파일에 0x1028 오프셋에서 시작하는 문자가 포함되어 있습니다. 이 문자는 현재 원본 문자 집합에서 잘못된 문자입니다(코드 페이지 65001).
C:\Users\Administrator\Desktop\Alex\PacMan\PM06130439.cpp(1,1): warning C4828: 파일에 0x1029 오프셋에서 시작하는 문자가 포함되어 있습니다. 이 문자는 현재 원본 문자 집합에서 잘못된 문자입니다(코드 페이지 65001).
C:\Users\Administrator\Desktop\Alex\PacMan\PM06130439.cpp(1,1): warning C4828: 파일에 0x102c 오프셋에서 시작하는 문자가 포함되어 있습니다. 이 문자는 현재 원본 문자 집합에서 잘못된 문자입니다(코드 페이지 65001).
C:\Users\Administrator\Desktop\Alex\PacMan\PM06130439.cpp(1,1): warning C4828: 파일에 0x102d 오프셋에서 시작하는 문자가 포함되어 있습니다. 이 문자는 현재 원본 문자 집합에서 잘못된 문자입니다(코드 페이지 65001).
C:\Users\Administrator\Desktop\Alex\PacMan\PM06130439.cpp(1,1): warning C4828: 파일에 0x102f 오프셋에서 시작하는 문자가 포함되어 있습니다. 이 문자는 현재 원본 문자 집합에서 잘못된 문자입니다(코드 페이지 65001).
C:\Users\Administrator\Desktop\Alex\PacMan\PM06130439.cpp(1,1): warning C4828: 파일에 0x1030 오프셋에서 시작하는 문자가 포함되어 있습니다. 이 문자는 현재 원본 문자 집합에서 잘못된 문자입니다(코드 페이지 65001).
C:\Users\Administrator\Desktop\Alex\PacMan\PM06130439.cpp(1,1): warning C4828: 파일에 0x1031 오프셋에서 시작하는 문자가 포함되어 있습니다. 이 문자는 현재 원본 문자 집합에서 잘못된 문자입니다(코드 페이지 65001).
C:\Users\Administrator\Desktop\Alex\PacMan\PM06130439.cpp(1,1): warning C4828: 파일에 0x1032 오프셋에서 시작하는 문자가 포함되어 있습니다. 이 문자는 현재 원본 문자 집합에서 잘못된 문자입니다(코드 페이지 65001).
C:\Users\Administrator\Desktop\Alex\PacMan\PM06130439.cpp(1,1): warning C4828: 파일에 0x1034 오프셋에서 시작하는 문자가 포함되어 있습니다. 이 문자는 현재 원본 문자 집합에서 잘못된 문자입니다(코드 페이지 65001).
C:\Users\Administrator\Desktop\Alex\PacMan\PM06130439.cpp(1,1): warning C4828: 파일에 0x1037 오프셋에서 시작하는 문자가 포함되어 있습니다. 이 문자는 현재 원본 문자 집합에서 잘못된 문자입니다(코드 페이지 65001).
C:\Users\Administrator\Desktop\Alex\PacMan\PM06130439.cpp(1,1): warning C4828: 파일에 0x1039 오프셋에서 시작하는 문자가 포함되어 있습니다. 이 문자는 현재 원본 문자 집합에서 잘못된 문자입니다(코드 페이지 65001).
C:\Users\Administrator\Desktop\Alex\PacMan\PM06130439.cpp(1,1): warning C4828: 파일에 0x103a 오프셋에서 시작하는 문자가 포함되어 있습니다. 이 문자는 현재 원본 문자 집합에서 잘못된 문자입니다(코드 페이지 65001).
C:\Users\Administrator\Desktop\Alex\PacMan\PM06130439.cpp(1,1): warning C4828: 파일에 0x103b 오프셋에서 시작하는 문자가 포함되어 있습니다. 이 문자는 현재 원본 문자 집합에서 잘못된 문자입니다(코드 페이지 65001).
C:\Users\Administrator\Desktop\Alex\PacMan\PM06130439.cpp(1,1): warning C4828: 파일에 0x103c 오프셋에서 시작하는 문자가 포함되어 있습니다. 이 문자는 현재 원본 문자 집합에서 잘못된 문자입니다(코드 페이지 65001).
C:\Users\Administrator\Desktop\Alex\PacMan\PM06130439.cpp(1,1): warning C4828: 파일에 0x103e 오프셋에서 시작하는 문자가 포함되어 있습니다. 이 문자는 현재 원본 문자 집합에서 잘못된 문자입니다(코드 페이지 65001).
C:\Users\Administrator\Desktop\Alex\PacMan\PM06130439.cpp(1,1): warning C4828: 파일에 0x1041 오프셋에서 시작하는 문자가 포함되어 있습니다. 이 문자는 현재 원본 문자 집합에서 잘못된 문자입니다(코드 페이지 65001).
C:\Users\Administrator\Desktop\Alex\PacMan\PM06130439.cpp(1,1): warning C4828: 파일에 0x10cf 오프셋에서 시작하는 문자가 포함되어 있습니다. 이 문자는 현재 원본 문자 집합에서 잘못된 문자입니다(코드 페이지 65001).
C:\Users\Administrator\Desktop\Alex\PacMan\PM06130439.cpp(1,1): warning C4828: 파일에 0x10d2 오프셋에서 시작하는 문자가 포함되어 있습니다. 이 문자는 현재 원본 문자 집합에서 잘못된 문자입니다(코드 페이지 65001).
C:\Users\Administrator\Desktop\Alex\PacMan\PM06130439.cpp(1,1): warning C4828: 파일에 0x10d3 오프셋에서 시작하는 문자가 포함되어 있습니다. 이 문자는 현재 원본 문자 집합에서 잘못된 문자입니다(코드 페이지 65001).
C:\Users\Administrator\Desktop\Alex\PacMan\PM06130439.cpp(1,1): warning C4828: 파일에 0x10d6 오프셋에서 시작하는 문자가 포함되어 있습니다. 이 문자는 현재 원본 문자 집합에서 잘못된 문자입니다(코드 페이지 65001).
C:\Users\Administrator\Desktop\Alex\PacMan\PM06130439.cpp(1,1): warning C4828: 파일에 0x10d7 오프셋에서 시작하는 문자가 포함되어 있습니다. 이 문자는 현재 원본 문자 집합에서 잘못된 문자입니다(코드 페이지 65001).
C:\Users\Administrator\Desktop\Alex\PacMan\PM06130439.cpp(1,1): warning C4828: 파일에 0x10da 오프셋에서 시작하는 문자가 포함되어 있습니다. 이 문자는 현재 원본 문자 집합에서 잘못된 문자입니다(코드 페이지 65001).
C:\Users\Administrator\Desktop\Alex\PacMan\PM06130439.cpp(1,1): warning C4828: 파일에 0x10db 오프셋에서 시작하는 문자가 포함되어 있습니다. 이 문자는 현재 원본 문자 집합에서 잘못된 문자입니다(코드 페이지 65001).
C:\Users\Administrator\Desktop\Alex\PacMan\PM06130439.cpp(1,1): warning C4828: 파일에 0x10dd 오프셋에서 시작하는 문자가 포함되어 있습니다. 이 문자는 현재 원본 문자 집합에서 잘못된 문자입니다(코드 페이지 65001).
C:\Users\Administrator\Desktop\Alex\PacMan\PM06130439.cpp(1,1): warning C4828: 파일에 0x10de 오프셋에서 시작하는 문자가 포함되어 있습니다. 이 문자는 현재 원본 문자 집합에서 잘못된 문자입니다(코드 페이지 65001).
C:\Users\Administrator\Desktop\Alex\PacMan\PM06130439.cpp(1,1): warning C4828: 파일에 0x10e2 오프셋에서 시작하는 문자가 포함되어 있습니다. 이 문자는 현재 원본 문자 집합에서 잘못된 문자입니다(코드 페이지 65001).
C:\Users\Administrator\Desktop\Alex\PacMan\PM06130439.cpp(1,1): warning C4828: 파일에 0x10e3 오프셋에서 시작하는 문자가 포함되어 있습니다. 이 문자는 현재 원본 문자 집합에서 잘못된 문자입니다(코드 페이지 65001).
C:\Users\Administrator\Desktop\Alex\PacMan\PM06130439.cpp(1,1): warning C4828: 파일에 0x10e4 오프셋에서 시작하는 문자가 포함되어 있습니다. 이 문자는 현재 원본 문자 집합에서 잘못된 문자입니다(코드 페이지 65001).
C:\Users\Administrator\Desktop\Alex\PacMan\PM06130439.cpp(1,1): warning C4828: 파일에 0x10e5 오프셋에서 시작하는 문자가 포함되어 있습니다. 이 문자는 현재 원본 문자 집합에서 잘못된 문자입니다(코드 페이지 65001).
C:\Users\Administrator\Desktop\Alex\PacMan\PM06130439.cpp(1,1): warning C4828: 파일에 0x10e7 오프셋에서 시작하는 문자가 포함되어 있습니다. 이 문자는 현재 원본 문자 집합에서 잘못된 문자입니다(코드 페이지 65001).
C:\Users\Administrator\Desktop\Alex\PacMan\PM06130439.cpp(1,1): warning C4828: 파일에 0x10e8 오프셋에서 시작하는 문자가 포함되어 있습니다. 이 문자는 현재 원본 문자 집합에서 잘못된 문자입니다(코드 페이지 65001).
C:\Users\Administrator\Desktop\Alex\PacMan\PM06130439.cpp(1,1): warning C4828: 파일에 0x10e9 오프셋에서 시작하는 문자가 포함되어 있습니다. 이 문자는 현재 원본 문자 집합에서 잘못된 문자입니다(코드 페이지 65001).
C:\Users\Administrator\Desktop\Alex\PacMan\PM06130439.cpp(1,1): warning C4828: 파일에 0x10ea 오프셋에서 시작하는 문자가 포함되어 있습니다. 이 문자는 현재 원본 문자 집합에서 잘못된 문자입니다(코드 페이지 65001).
C:\Users\Administrator\Desktop\Alex\PacMan\PM06130439.cpp(1,1): warning C4828: 파일에 0x1102 오프셋에서 시작하는 문자가 포함되어 있습니다. 이 문자는 현재 원본 문자 집합에서 잘못된 문자입니다(코드 페이지 65001).
C:\Users\Administrator\Desktop\Alex\PacMan\PM06130439.cpp(1,1): warning C4828: 파일에 0x1103 오프셋에서 시작하는 문자가 포함되어 있습니다. 이 문자는 현재 원본 문자 집합에서 잘못된 문자입니다(코드 페이지 65001).
C:\Users\Administrator\Desktop\Alex\PacMan\PM06130439.cpp(1,1): warning C4828: 파일에 0x1105 오프셋에서 시작하는 문자가 포함되어 있습니다. 이 문자는 현재 원본 문자 집합에서 잘못된 문자입니다(코드 페이지 65001).
C:\Users\Administrator\Desktop\Alex\PacMan\PM06130439.cpp(1,1): warning C4828: 파일에 0x1107 오프셋에서 시작하는 문자가 포함되어 있습니다. 이 문자는 현재 원본 문자 집합에서 잘못된 문자입니다(코드 페이지 65001).
C:\Users\Administrator\Desktop\Alex\PacMan\PM06130439.cpp(1,1): warning C4828: 파일에 0x1108 오프셋에서 시작하는 문자가 포함되어 있습니다. 이 문자는 현재 원본 문자 집합에서 잘못된 문자입니다(코드 페이지 65001).
C:\Users\Administrator\Desktop\Alex\PacMan\PM06130439.cpp(1,1): warning C4828: 파일에 0x110c 오프셋에서 시작하는 문자가 포함되어 있습니다. 이 문자는 현재 원본 문자 집합에서 잘못된 문자입니다(코드 페이지 65001).
C:\Users\Administrator\Desktop\Alex\PacMan\PM06130439.cpp(1,1): warning C4828: 파일에 0x110d 오프셋에서 시작하는 문자가 포함되어 있습니다. 이 문자는 현재 원본 문자 집합에서 잘못된 문자입니다(코드 페이지 65001).
C:\Users\Administrator\Desktop\Alex\PacMan\PM06130439.cpp(1,1): warning C4828: 파일에 0x110e 오프셋에서 시작하는 문자가 포함되어 있습니다. 이 문자는 현재 원본 문자 집합에서 잘못된 문자입니다(코드 페이지 65001).
C:\Users\Administrator\Desktop\Alex\PacMan\PM06130439.cpp(1,1): warning C4828: 파일에 0x110f 오프셋에서 시작하는 문자가 포함되어 있습니다. 이 문자는 현재 원본 문자 집합에서 잘못된 문자입니다(코드 페이지 65001).
C:\Users\Administrator\Desktop\Alex\PacMan\PM06130439.cpp(1,1): warning C4828: 파일에 0x1115 오프셋에서 시작하는 문자가 포함되어 있습니다. 이 문자는 현재 원본 문자 집합에서 잘못된 문자입니다(코드 페이지 65001).
C:\Users\Administrator\Desktop\Alex\PacMan\PM06130439.cpp(1,1): warning C4828: 파일에 0x1116 오프셋에서 시작하는 문자가 포함되어 있습니다. 이 문자는 현재 원본 문자 집합에서 잘못된 문자입니다(코드 페이지 65001).
C:\Users\Administrator\Desktop\Alex\PacMan\PM06130439.cpp(1,1): warning C4828: 파일에 0x1118 오프셋에서 시작하는 문자가 포함되어 있습니다. 이 문자는 현재 원본 문자 집합에서 잘못된 문자입니다(코드 페이지 65001).
C:\Users\Administrator\Desktop\Alex\PacMan\PM06130439.cpp(1,1): warning C4828: 파일에 0x1119 오프셋에서 시작하는 문자가 포함되어 있습니다. 이 문자는 현재 원본 문자 집합에서 잘못된 문자입니다(코드 페이지 65001).
C:\Users\Administrator\Desktop\Alex\PacMan\PM06130439.cpp(1,1): warning C4828: 파일에 0x111b 오프셋에서 시작하는 문자가 포함되어 있습니다. 이 문자는 현재 원본 문자 집합에서 잘못된 문자입니다(코드 페이지 65001).
C:\Users\Administrator\Desktop\Alex\PacMan\PM06130439.cpp(1,1): warning C4828: 파일에 0x111c 오프셋에서 시작하는 문자가 포함되어 있습니다. 이 문자는 현재 원본 문자 집합에서 잘못된 문자입니다(코드 페이지 65001).
C:\Users\Administrator\Desktop\Alex\PacMan\PM06130439.cpp(1,1): warning C4828: 파일에 0x111d 오프셋에서 시작하는 문자가 포함되어 있습니다. 이 문자는 현재 원본 문자 집합에서 잘못된 문자입니다(코드 페이지 65001).
C:\Users\Administrator\Desktop\Alex\PacMan\PM06130439.cpp(1,1): warning C4828: 파일에 0x1120 오프셋에서 시작하는 문자가 포함되어 있습니다. 이 문자는 현재 원본 문자 집합에서 잘못된 문자입니다(코드 페이지 65001).
C:\Users\Administrator\Desktop\Alex\PacMan\PM06130439.cpp(1,1): warning C4828: 파일에 0x1121 오프셋에서 시작하는 문자가 포함되어 있습니다. 이 문자는 현재 원본 문자 집합에서 잘못된 문자입니다(코드 페이지 65001).
C:\Users\Administrator\Desktop\Alex\PacMan\PM06130439.cpp(1,1): warning C4828: 파일에 0x1122 오프셋에서 시작하는 문자가 포함되어 있습니다. 이 문자는 현재 원본 문자 집합에서 잘못된 문자입니다(코드 페이지 65001).
C:\Users\Administrator\Desktop\Alex\PacMan\PM06130439.cpp(1,1): warning C4828: 파일에 0x123e 오프셋에서 시작하는 문자가 포함되어 있습니다. 이 문자는 현재 원본 문자 집합에서 잘못된 문자입니다(코드 페이지 65001).
C:\Users\Administrator\Desktop\Alex\PacMan\PM06130439.cpp(1,1): warning C4828: 파일에 0x123f 오프셋에서 시작하는 문자가 포함되어 있습니다. 이 문자는 현재 원본 문자 집합에서 잘못된 문자입니다(코드 페이지 65001).
C:\Users\Administrator\Desktop\Alex\PacMan\PM06130439.cpp(1,1): warning C4828: 파일에 0x1243 오프셋에서 시작하는 문자가 포함되어 있습니다. 이 문자는 현재 원본 문자 집합에서 잘못된 문자입니다(코드 페이지 65001).
C:\Users\Administrator\Desktop\Alex\PacMan\PM06130439.cpp(1,1): warning C4828: 파일에 0x1246 오프셋에서 시작하는 문자가 포함되어 있습니다. 이 문자는 현재 원본 문자 집합에서 잘못된 문자입니다(코드 페이지 65001).
C:\Users\Administrator\Desktop\Alex\PacMan\PM06130439.cpp(1,1): warning C4828: 파일에 0x1249 오프셋에서 시작하는 문자가 포함되어 있습니다. 이 문자는 현재 원본 문자 집합에서 잘못된 문자입니다(코드 페이지 65001).
C:\Users\Administrator\Desktop\Alex\PacMan\PM06130439.cpp(1,1): warning C4828: 파일에 0x124a 오프셋에서 시작하는 문자가 포함되어 있습니다. 이 문자는 현재 원본 문자 집합에서 잘못된 문자입니다(코드 페이지 65001).
C:\Users\Administrator\Desktop\Alex\PacMan\PM06130439.cpp(1,1): warning C4828: 파일에 0x1250 오프셋에서 시작하는 문자가 포함되어 있습니다. 이 문자는 현재 원본 문자 집합에서 잘못된 문자입니다(코드 페이지 65001).
C:\Users\Administrator\Desktop\Alex\PacMan\PM06130439.cpp(1,1): warning C4828: 파일에 0x1251 오프셋에서 시작하는 문자가 포함되어 있습니다. 이 문자는 현재 원본 문자 집합에서 잘못된 문자입니다(코드 페이지 65001).
  PM061511.cpp
  PM061602.cpp
C:\Users\Administrator\Desktop\Alex\PacMan\PM061602.cpp(1,1): warning C4828: 파일에 0x327 오프셋에서 시작하는 문자가 포함되어 있습니다. 이 문자는 현재 원본 문자 집합에서 잘못된 문자입니다(코드 페이지 65001).
C:\Users\Administrator\Desktop\Alex\PacMan\PM061602.cpp(1,1): warning C4828: 파일에 0x328 오프셋에서 시작하는 문자가 포함되어 있습니다. 이 문자는 현재 원본 문자 집합에서 잘못된 문자입니다(코드 페이지 65001).
C:\Users\Administrator\Desktop\Alex\PacMan\PM061602.cpp(1,1): warning C4828: 파일에 0x32a 오프셋에서 시작하는 문자가 포함되어 있습니다. 이 문자는 현재 원본 문자 집합에서 잘못된 문자입니다(코드 페이지 65001).
C:\Users\Administrator\Desktop\Alex\PacMan\PM061602.cpp(1,1): warning C4828: 파일에 0x32b 오프셋에서 시작하는 문자가 포함되어 있습니다. 이 문자는 현재 원본 문자 집합에서 잘못된 문자입니다(코드 페이지 65001).
C:\Users\Administrator\Desktop\Alex\PacMan\PM061602.cpp(1,1): warning C4828: 파일에 0x32c 오프셋에서 시작하는 문자가 포함되어 있습니다. 이 문자는 현재 원본 문자 집합에서 잘못된 문자입니다(코드 페이지 65001).
C:\Users\Administrator\Desktop\Alex\PacMan\PM061602.cpp(1,1): warning C4828: 파일에 0x32d 오프셋에서 시작하는 문자가 포함되어 있습니다. 이 문자는 현재 원본 문자 집합에서 잘못된 문자입니다(코드 페이지 65001).
C:\Users\Administrator\Desktop\Alex\PacMan\PM061602.cpp(1,1): warning C4828: 파일에 0x44f 오프셋에서 시작하는 문자가 포함되어 있습니다. 이 문자는 현재 원본 문자 집합에서 잘못된 문자입니다(코드 페이지 65001).
C:\Users\Administrator\Desktop\Alex\PacMan\PM061602.cpp(1,1): warning C4828: 파일에 0x450 오프셋에서 시작하는 문자가 포함되어 있습니다. 이 문자는 현재 원본 문자 집합에서 잘못된 문자입니다(코드 페이지 65001).
C:\Users\Administrator\Desktop\Alex\PacMan\PM061602.cpp(1,1): warning C4828: 파일에 0x454 오프셋에서 시작하는 문자가 포함되어 있습니다. 이 문자는 현재 원본 문자 집합에서 잘못된 문자입니다(코드 페이지 65001).
C:\Users\Administrator\Desktop\Alex\PacMan\PM061602.cpp(1,1): warning C4828: 파일에 0x455 오프셋에서 시작하는 문자가 포함되어 있습니다. 이 문자는 현재 원본 문자 집합에서 잘못된 문자입니다(코드 페이지 65001).
C:\Users\Administrator\Desktop\Alex\PacMan\PM061602.cpp(1,1): warning C4828: 파일에 0x457 오프셋에서 시작하는 문자가 포함되어 있습니다. 이 문자는 현재 원본 문자 집합에서 잘못된 문자입니다(코드 페이지 65001).
C:\Users\Administrator\Desktop\Alex\PacMan\PM061602.cpp(1,1): warning C4828: 파일에 0x459 오프셋에서 시작하는 문자가 포함되어 있습니다. 이 문자는 현재 원본 문자 집합에서 잘못된 문자입니다(코드 페이지 65001).
C:\Users\Administrator\Desktop\Alex\PacMan\PM061602.cpp(1,1): warning C4828: 파일에 0x45a 오프셋에서 시작하는 문자가 포함되어 있습니다. 이 문자는 현재 원본 문자 집합에서 잘못된 문자입니다(코드 페이지 65001).
C:\Users\Administrator\Desktop\Alex\PacMan\PM061602.cpp(1,1): warning C4828: 파일에 0x45b 오프셋에서 시작하는 문자가 포함되어 있습니다. 이 문자는 현재 원본 문자 집합에서 잘못된 문자입니다(코드 페이지 65001).
C:\Users\Administrator\Desktop\Alex\PacMan\PM061602.cpp(1,1): warning C4828: 파일에 0x45e 오프셋에서 시작하는 문자가 포함되어 있습니다. 이 문자는 현재 원본 문자 집합에서 잘못된 문자입니다(코드 페이지 65001).
C:\Users\Administrator\Desktop\Alex\PacMan\PM061602.cpp(1,1): warning C4828: 파일에 0x45f 오프셋에서 시작하는 문자가 포함되어 있습니다. 이 문자는 현재 원본 문자 집합에서 잘못된 문자입니다(코드 페이지 65001).
C:\Users\Administrator\Desktop\Alex\PacMan\PM061602.cpp(1,1): warning C4828: 파일에 0x460 오프셋에서 시작하는 문자가 포함되어 있습니다. 이 문자는 현재 원본 문자 집합에서 잘못된 문자입니다(코드 페이지 65001).
C:\Users\Administrator\Desktop\Alex\PacMan\PM061602.cpp(1,1): warning C4828: 파일에 0x462 오프셋에서 시작하는 문자가 포함되어 있습니다. 이 문자는 현재 원본 문자 집합에서 잘못된 문자입니다(코드 페이지 65001).
C:\Users\Administrator\Desktop\Alex\PacMan\PM061602.cpp(1,1): warning C4828: 파일에 0x463 오프셋에서 시작하는 문자가 포함되어 있습니다. 이 문자는 현재 원본 문자 집합에서 잘못된 문자입니다(코드 페이지 65001).
C:\Users\Administrator\Desktop\Alex\PacMan\PM061602.cpp(1,1): warning C4828: 파일에 0x464 오프셋에서 시작하는 문자가 포함되어 있습니다. 이 문자는 현재 원본 문자 집합에서 잘못된 문자입니다(코드 페이지 65001).
C:\Users\Administrator\Desktop\Alex\PacMan\PM061602.cpp(1,1): warning C4828: 파일에 0x465 오프셋에서 시작하는 문자가 포함되어 있습니다. 이 문자는 현재 원본 문자 집합에서 잘못된 문자입니다(코드 페이지 65001).
C:\Users\Administrator\Desktop\Alex\PacMan\PM061602.cpp(1,1): warning C4828: 파일에 0x4fc 오프셋에서 시작하는 문자가 포함되어 있습니다. 이 문자는 현재 원본 문자 집합에서 잘못된 문자입니다(코드 페이지 65001).
C:\Users\Administrator\Desktop\Alex\PacMan\PM061602.cpp(1,1): warning C4828: 파일에 0x4fe 오프셋에서 시작하는 문자가 포함되어 있습니다. 이 문자는 현재 원본 문자 집합에서 잘못된 문자입니다(코드 페이지 65001).
C:\Users\Administrator\Desktop\Alex\PacMan\PM061602.cpp(1,1): warning C4828: 파일에 0x4ff 오프셋에서 시작하는 문자가 포함되어 있습니다. 이 문자는 현재 원본 문자 집합에서 잘못된 문자입니다(코드 페이지 65001).
C:\Users\Administrator\Desktop\Alex\PacMan\PM061602.cpp(1,1): warning C4828: 파일에 0x500 오프셋에서 시작하는 문자가 포함되어 있습니다. 이 문자는 현재 원본 문자 집합에서 잘못된 문자입니다(코드 페이지 65001).
C:\Users\Administrator\Desktop\Alex\PacMan\PM061602.cpp(1,1): warning C4828: 파일에 0x501 오프셋에서 시작하는 문자가 포함되어 있습니다. 이 문자는 현재 원본 문자 집합에서 잘못된 문자입니다(코드 페이지 65001).
C:\Users\Administrator\Desktop\Alex\PacMan\PM061602.cpp(1,1): warning C4828: 파일에 0x503 오프셋에서 시작하는 문자가 포함되어 있습니다. 이 문자는 현재 원본 문자 집합에서 잘못된 문자입니다(코드 페이지 65001).
C:\Users\Administrator\Desktop\Alex\PacMan\PM061602.cpp(1,1): warning C4828: 파일에 0x504 오프셋에서 시작하는 문자가 포함되어 있습니다. 이 문자는 현재 원본 문자 집합에서 잘못된 문자입니다(코드 페이지 65001).
C:\Users\Administrator\Desktop\Alex\PacMan\PM061602.cpp(1,1): warning C4828: 파일에 0x506 오프셋에서 시작하는 문자가 포함되어 있습니다. 이 문자는 현재 원본 문자 집합에서 잘못된 문자입니다(코드 페이지 65001).
C:\Users\Administrator\Desktop\Alex\PacMan\PM061602.cpp(1,1): warning C4828: 파일에 0x508 오프셋에서 시작하는 문자가 포함되어 있습니다. 이 문자는 현재 원본 문자 집합에서 잘못된 문자입니다(코드 페이지 65001).
C:\Users\Administrator\Desktop\Alex\PacMan\PM061602.cpp(1,1): warning C4828: 파일에 0x509 오프셋에서 시작하는 문자가 포함되어 있습니다. 이 문자는 현재 원본 문자 집합에서 잘못된 문자입니다(코드 페이지 65001).
C:\Users\Administrator\Desktop\Alex\PacMan\PM061602.cpp(1,1): warning C4828: 파일에 0x57f 오프셋에서 시작하는 문자가 포함되어 있습니다. 이 문자는 현재 원본 문자 집합에서 잘못된 문자입니다(코드 페이지 65001).
C:\Users\Administrator\Desktop\Alex\PacMan\PM061602.cpp(1,1): warning C4828: 파일에 0x580 오프셋에서 시작하는 문자가 포함되어 있습니다. 이 문자는 현재 원본 문자 집합에서 잘못된 문자입니다(코드 페이지 65001).
C:\Users\Administrator\Desktop\Alex\PacMan\PM061602.cpp(1,1): warning C4828: 파일에 0x582 오프셋에서 시작하는 문자가 포함되어 있습니다. 이 문자는 현재 원본 문자 집합에서 잘못된 문자입니다(코드 페이지 65001).
C:\Users\Administrator\Desktop\Alex\PacMan\PM061602.cpp(1,1): warning C4828: 파일에 0x584 오프셋에서 시작하는 문자가 포함되어 있습니다. 이 문자는 현재 원본 문자 집합에서 잘못된 문자입니다(코드 페이지 65001).
C:\Users\Administrator\Desktop\Alex\PacMan\PM061602.cpp(1,1): warning C4828: 파일에 0x585 오프셋에서 시작하는 문자가 포함되어 있습니다. 이 문자는 현재 원본 문자 집합에서 잘못된 문자입니다(코드 페이지 65001).
C:\Users\Administrator\Desktop\Alex\PacMan\PM061602.cpp(1,1): warning C4828: 파일에 0x589 오프셋에서 시작하는 문자가 포함되어 있습니다. 이 문자는 현재 원본 문자 집합에서 잘못된 문자입니다(코드 페이지 65001).
C:\Users\Administrator\Desktop\Alex\PacMan\PM061602.cpp(1,1): warning C4828: 파일에 0x58a 오프셋에서 시작하는 문자가 포함되어 있습니다. 이 문자는 현재 원본 문자 집합에서 잘못된 문자입니다(코드 페이지 65001).
C:\Users\Administrator\Desktop\Alex\PacMan\PM061602.cpp(1,1): warning C4828: 파일에 0x58c 오프셋에서 시작하는 문자가 포함되어 있습니다. 이 문자는 현재 원본 문자 집합에서 잘못된 문자입니다(코드 페이지 65001).
C:\Users\Administrator\Desktop\Alex\PacMan\PM061602.cpp(1,1): warning C4828: 파일에 0x58d 오프셋에서 시작하는 문자가 포함되어 있습니다. 이 문자는 현재 원본 문자 집합에서 잘못된 문자입니다(코드 페이지 65001).
C:\Users\Administrator\Desktop\Alex\PacMan\PM061602.cpp(1,1): warning C4828: 파일에 0x58e 오프셋에서 시작하는 문자가 포함되어 있습니다. 이 문자는 현재 원본 문자 집합에서 잘못된 문자입니다(코드 페이지 65001).
C:\Users\Administrator\Desktop\Alex\PacMan\PM061602.cpp(1,1): warning C4828: 파일에 0x590 오프셋에서 시작하는 문자가 포함되어 있습니다. 이 문자는 현재 원본 문자 집합에서 잘못된 문자입니다(코드 페이지 65001).
C:\Users\Administrator\Desktop\Alex\PacMan\PM061602.cpp(1,1): warning C4828: 파일에 0x591 오프셋에서 시작하는 문자가 포함되어 있습니다. 이 문자는 현재 원본 문자 집합에서 잘못된 문자입니다(코드 페이지 65001).
C:\Users\Administrator\Desktop\Alex\PacMan\PM061602.cpp(1,1): warning C4828: 파일에 0x597 오프셋에서 시작하는 문자가 포함되어 있습니다. 이 문자는 현재 원본 문자 집합에서 잘못된 문자입니다(코드 페이지 65001).
C:\Users\Administrator\Desktop\Alex\PacMan\PM061602.cpp(1,1): warning C4828: 파일에 0x599 오프셋에서 시작하는 문자가 포함되어 있습니다. 이 문자는 현재 원본 문자 집합에서 잘못된 문자입니다(코드 페이지 65001).
C:\Users\Administrator\Desktop\Alex\PacMan\PM061602.cpp(1,1): warning C4828: 파일에 0x59a 오프셋에서 시작하는 문자가 포함되어 있습니다. 이 문자는 현재 원본 문자 집합에서 잘못된 문자입니다(코드 페이지 65001).
C:\Users\Administrator\Desktop\Alex\PacMan\PM061602.cpp(1,1): warning C4828: 파일에 0x59e 오프셋에서 시작하는 문자가 포함되어 있습니다. 이 문자는 현재 원본 문자 집합에서 잘못된 문자입니다(코드 페이지 65001).
C:\Users\Administrator\Desktop\Alex\PacMan\PM061602.cpp(1,1): warning C4828: 파일에 0x5a1 오프셋에서 시작하는 문자가 포함되어 있습니다. 이 문자는 현재 원본 문자 집합에서 잘못된 문자입니다(코드 페이지 65001).
C:\Users\Administrator\Desktop\Alex\PacMan\PM061602.cpp(1,1): warning C4828: 파일에 0x5a3 오프셋에서 시작하는 문자가 포함되어 있습니다. 이 문자는 현재 원본 문자 집합에서 잘못된 문자입니다(코드 페이지 65001).
C:\Users\Administrator\Desktop\Alex\PacMan\PM061602.cpp(1,1): warning C4828: 파일에 0x5a4 오프셋에서 시작하는 문자가 포함되어 있습니다. 이 문자는 현재 원본 문자 집합에서 잘못된 문자입니다(코드 페이지 65001).
C:\Users\Administrator\Desktop\Alex\PacMan\PM061602.cpp(1,1): warning C4828: 파일에 0x5a5 오프셋에서 시작하는 문자가 포함되어 있습니다. 이 문자는 현재 원본 문자 집합에서 잘못된 문자입니다(코드 페이지 65001).
C:\Users\Administrator\Desktop\Alex\PacMan\PM061602.cpp(1,1): warning C4828: 파일에 0x5a6 오프셋에서 시작하는 문자가 포함되어 있습니다. 이 문자는 현재 원본 문자 집합에서 잘못된 문자입니다(코드 페이지 65001).
C:\Users\Administrator\Desktop\Alex\PacMan\PM061602.cpp(1,1): warning C4828: 파일에 0x6fb 오프셋에서 시작하는 문자가 포함되어 있습니다. 이 문자는 현재 원본 문자 집합에서 잘못된 문자입니다(코드 페이지 65001).
C:\Users\Administrator\Desktop\Alex\PacMan\PM061602.cpp(1,1): warning C4828: 파일에 0x6fc 오프셋에서 시작하는 문자가 포함되어 있습니다. 이 문자는 현재 원본 문자 집합에서 잘못된 문자입니다(코드 페이지 65001).
C:\Users\Administrator\Desktop\Alex\PacMan\PM061602.cpp(1,1): warning C4828: 파일에 0x6fe 오프셋에서 시작하는 문자가 포함되어 있습니다. 이 문자는 현재 원본 문자 집합에서 잘못된 문자입니다(코드 페이지 65001).
C:\Users\Administrator\Desktop\Alex\PacMan\PM061602.cpp(1,1): warning C4828: 파일에 0x700 오프셋에서 시작하는 문자가 포함되어 있습니다. 이 문자는 현재 원본 문자 집합에서 잘못된 문자입니다(코드 페이지 65001).
C:\Users\Administrator\Desktop\Alex\PacMan\PM061602.cpp(1,1): warning C4828: 파일에 0x701 오프셋에서 시작하는 문자가 포함되어 있습니다. 이 문자는 현재 원본 문자 집합에서 잘못된 문자입니다(코드 페이지 65001).
C:\Users\Administrator\Desktop\Alex\PacMan\PM061602.cpp(1,1): warning C4828: 파일에 0x703 오프셋에서 시작하는 문자가 포함되어 있습니다. 이 문자는 현재 원본 문자 집합에서 잘못된 문자입니다(코드 페이지 65001).
C:\Users\Administrator\Desktop\Alex\PacMan\PM061602.cpp(1,1): warning C4828: 파일에 0x707 오프셋에서 시작하는 문자가 포함되어 있습니다. 이 문자는 현재 원본 문자 집합에서 잘못된 문자입니다(코드 페이지 65001).
C:\Users\Administrator\Desktop\Alex\PacMan\PM061602.cpp(1,1): warning C4828: 파일에 0x708 오프셋에서 시작하는 문자가 포함되어 있습니다. 이 문자는 현재 원본 문자 집합에서 잘못된 문자입니다(코드 페이지 65001).
C:\Users\Administrator\Desktop\Alex\PacMan\PM061602.cpp(1,1): warning C4828: 파일에 0x70a 오프셋에서 시작하는 문자가 포함되어 있습니다. 이 문자는 현재 원본 문자 집합에서 잘못된 문자입니다(코드 페이지 65001).
C:\Users\Administrator\Desktop\Alex\PacMan\PM061602.cpp(1,1): warning C4828: 파일에 0x70b 오프셋에서 시작하는 문자가 포함되어 있습니다. 이 문자는 현재 원본 문자 집합에서 잘못된 문자입니다(코드 페이지 65001).
C:\Users\Administrator\Desktop\Alex\PacMan\PM061602.cpp(1,1): warning C4828: 파일에 0x70f 오프셋에서 시작하는 문자가 포함되어 있습니다. 이 문자는 현재 원본 문자 집합에서 잘못된 문자입니다(코드 페이지 65001).
C:\Users\Administrator\Desktop\Alex\PacMan\PM061602.cpp(1,1): warning C4828: 파일에 0x710 오프셋에서 시작하는 문자가 포함되어 있습니다. 이 문자는 현재 원본 문자 집합에서 잘못된 문자입니다(코드 페이지 65001).
C:\Users\Administrator\Desktop\Alex\PacMan\PM061602.cpp(1,1): warning C4828: 파일에 0x711 오프셋에서 시작하는 문자가 포함되어 있습니다. 이 문자는 현재 원본 문자 집합에서 잘못된 문자입니다(코드 페이지 65001).
C:\Users\Administrator\Desktop\Alex\PacMan\PM061602.cpp(1,1): warning C4828: 파일에 0x714 오프셋에서 시작하는 문자가 포함되어 있습니다. 이 문자는 현재 원본 문자 집합에서 잘못된 문자입니다(코드 페이지 65001).
C:\Users\Administrator\Desktop\Alex\PacMan\PM061602.cpp(1,1): warning C4828: 파일에 0x7cd 오프셋에서 시작하는 문자가 포함되어 있습니다. 이 문자는 현재 원본 문자 집합에서 잘못된 문자입니다(코드 페이지 65001).
C:\Users\Administrator\Desktop\Alex\PacMan\PM061602.cpp(1,1): warning C4828: 파일에 0x7ce 오프셋에서 시작하는 문자가 포함되어 있습니다. 이 문자는 현재 원본 문자 집합에서 잘못된 문자입니다(코드 페이지 65001).
C:\Users\Administrator\Desktop\Alex\PacMan\PM061602.cpp(1,1): warning C4828: 파일에 0x7d0 오프셋에서 시작하는 문자가 포함되어 있습니다. 이 문자는 현재 원본 문자 집합에서 잘못된 문자입니다(코드 페이지 65001).
C:\Users\Administrator\Desktop\Alex\PacMan\PM061602.cpp(1,1): warning C4828: 파일에 0x7d3 오프셋에서 시작하는 문자가 포함되어 있습니다. 이 문자는 현재 원본 문자 집합에서 잘못된 문자입니다(코드 페이지 65001).
C:\Users\Administrator\Desktop\Alex\PacMan\PM061602.cpp(1,1): warning C4828: 파일에 0x7d4 오프셋에서 시작하는 문자가 포함되어 있습니다. 이 문자는 현재 원본 문자 집합에서 잘못된 문자입니다(코드 페이지 65001).
C:\Users\Administrator\Desktop\Alex\PacMan\PM061602.cpp(1,1): warning C4828: 파일에 0x7d7 오프셋에서 시작하는 문자가 포함되어 있습니다. 이 문자는 현재 원본 문자 집합에서 잘못된 문자입니다(코드 페이지 65001).
C:\Users\Administrator\Desktop\Alex\PacMan\PM061602.cpp(1,1): warning C4828: 파일에 0x7d8 오프셋에서 시작하는 문자가 포함되어 있습니다. 이 문자는 현재 원본 문자 집합에서 잘못된 문자입니다(코드 페이지 65001).
C:\Users\Administrator\Desktop\Alex\PacMan\PM061602.cpp(1,1): warning C4828: 파일에 0x7e1 오프셋에서 시작하는 문자가 포함되어 있습니다. 이 문자는 현재 원본 문자 집합에서 잘못된 문자입니다(코드 페이지 65001).
C:\Users\Administrator\Desktop\Alex\PacMan\PM061602.cpp(1,1): warning C4828: 파일에 0x7e2 오프셋에서 시작하는 문자가 포함되어 있습니다. 이 문자는 현재 원본 문자 집합에서 잘못된 문자입니다(코드 페이지 65001).
C:\Users\Administrator\Desktop\Alex\PacMan\PM061602.cpp(1,1): warning C4828: 파일에 0x7e3 오프셋에서 시작하는 문자가 포함되어 있습니다. 이 문자는 현재 원본 문자 집합에서 잘못된 문자입니다(코드 페이지 65001).
C:\Users\Administrator\Desktop\Alex\PacMan\PM061602.cpp(1,1): warning C4828: 파일에 0x7e4 오프셋에서 시작하는 문자가 포함되어 있습니다. 이 문자는 현재 원본 문자 집합에서 잘못된 문자입니다(코드 페이지 65001).
C:\Users\Administrator\Desktop\Alex\PacMan\PM061602.cpp(1,1): warning C4828: 파일에 0x7e6 오프셋에서 시작하는 문자가 포함되어 있습니다. 이 문자는 현재 원본 문자 집합에서 잘못된 문자입니다(코드 페이지 65001).
C:\Users\Administrator\Desktop\Alex\PacMan\PM061602.cpp(1,1): warning C4828: 파일에 0x7e9 오프셋에서 시작하는 문자가 포함되어 있습니다. 이 문자는 현재 원본 문자 집합에서 잘못된 문자입니다(코드 페이지 65001).
C:\Users\Administrator\Desktop\Alex\PacMan\PM061602.cpp(1,1): warning C4828: 파일에 0x7eb 오프셋에서 시작하는 문자가 포함되어 있습니다. 이 문자는 현재 원본 문자 집합에서 잘못된 문자입니다(코드 페이지 65001).
C:\Users\Administrator\Desktop\Alex\PacMan\PM061602.cpp(1,1): warning C4828: 파일에 0x7ee 오프셋에서 시작하는 문자가 포함되어 있습니다. 이 문자는 현재 원본 문자 집합에서 잘못된 문자입니다(코드 페이지 65001).
C:\Users\Administrator\Desktop\Alex\PacMan\PM061602.cpp(1,1): warning C4828: 파일에 0x7ef 오프셋에서 시작하는 문자가 포함되어 있습니다. 이 문자는 현재 원본 문자 집합에서 잘못된 문자입니다(코드 페이지 65001).
C:\Users\Administrator\Desktop\Alex\PacMan\PM061602.cpp(1,1): warning C4828: 파일에 0x7f2 오프셋에서 시작하는 문자가 포함되어 있습니다. 이 문자는 현재 원본 문자 집합에서 잘못된 문자입니다(코드 페이지 65001).
C:\Users\Administrator\Desktop\Alex\PacMan\PM061602.cpp(1,1): warning C4828: 파일에 0x7f3 오프셋에서 시작하는 문자가 포함되어 있습니다. 이 문자는 현재 원본 문자 집합에서 잘못된 문자입니다(코드 페이지 65001).
C:\Users\Administrator\Desktop\Alex\PacMan\PM061602.cpp(1,1): warning C4828: 파일에 0x7f7 오프셋에서 시작하는 문자가 포함되어 있습니다. 이 문자는 현재 원본 문자 집합에서 잘못된 문자입니다(코드 페이지 65001).
C:\Users\Administrator\Desktop\Alex\PacMan\PM061602.cpp(1,1): warning C4828: 파일에 0x82f 오프셋에서 시작하는 문자가 포함되어 있습니다. 이 문자는 현재 원본 문자 집합에서 잘못된 문자입니다(코드 페이지 65001).
C:\Users\Administrator\Desktop\Alex\PacMan\PM061602.cpp(1,1): warning C4828: 파일에 0x830 오프셋에서 시작하는 문자가 포함되어 있습니다. 이 문자는 현재 원본 문자 집합에서 잘못된 문자입니다(코드 페이지 65001).
C:\Users\Administrator\Desktop\Alex\PacMan\PM061602.cpp(1,1): warning C4828: 파일에 0x832 오프셋에서 시작하는 문자가 포함되어 있습니다. 이 문자는 현재 원본 문자 집합에서 잘못된 문자입니다(코드 페이지 65001).
C:\Users\Administrator\Desktop\Alex\PacMan\PM061602.cpp(1,1): warning C4828: 파일에 0x835 오프셋에서 시작하는 문자가 포함되어 있습니다. 이 문자는 현재 원본 문자 집합에서 잘못된 문자입니다(코드 페이지 65001).
C:\Users\Administrator\Desktop\Alex\PacMan\PM061602.cpp(1,1): warning C4828: 파일에 0x8fb 오프셋에서 시작하는 문자가 포함되어 있습니다. 이 문자는 현재 원본 문자 집합에서 잘못된 문자입니다(코드 페이지 65001).
C:\Users\Administrator\Desktop\Alex\PacMan\PM061602.cpp(1,1): warning C4828: 파일에 0x8fd 오프셋에서 시작하는 문자가 포함되어 있습니다. 이 문자는 현재 원본 문자 집합에서 잘못된 문자입니다(코드 페이지 65001).
C:\Users\Administrator\Desktop\Alex\PacMan\PM061602.cpp(1,1): warning C4828: 파일에 0x8fe 오프셋에서 시작하는 문자가 포함되어 있습니다. 이 문자는 현재 원본 문자 집합에서 잘못된 문자입니다(코드 페이지 65001).
C:\Users\Administrator\Desktop\Alex\PacMan\PM061602.cpp(1,1): warning C4828: 파일에 0x901 오프셋에서 시작하는 문자가 포함되어 있습니다. 이 문자는 현재 원본 문자 집합에서 잘못된 문자입니다(코드 페이지 65001).
C:\Users\Administrator\Desktop\Alex\PacMan\PM061602.cpp(1,1): warning C4828: 파일에 0x903 오프셋에서 시작하는 문자가 포함되어 있습니다. 이 문자는 현재 원본 문자 집합에서 잘못된 문자입니다(코드 페이지 65001).
C:\Users\Administrator\Desktop\Alex\PacMan\PM061602.cpp(1,1): warning C4828: 파일에 0x905 오프셋에서 시작하는 문자가 포함되어 있습니다. 이 문자는 현재 원본 문자 집합에서 잘못된 문자입니다(코드 페이지 65001).
C:\Users\Administrator\Desktop\Alex\PacMan\PM061602.cpp(1,1): warning C4828: 파일에 0x906 오프셋에서 시작하는 문자가 포함되어 있습니다. 이 문자는 현재 원본 문자 집합에서 잘못된 문자입니다(코드 페이지 65001).
C:\Users\Administrator\Desktop\Alex\PacMan\PM061602.cpp(1,1): warning C4828: 파일에 0x907 오프셋에서 시작하는 문자가 포함되어 있습니다. 이 문자는 현재 원본 문자 집합에서 잘못된 문자입니다(코드 페이지 65001).
C:\Users\Administrator\Desktop\Alex\PacMan\PM061602.cpp(1,1): warning C4828: 파일에 0x908 오프셋에서 시작하는 문자가 포함되어 있습니다. 이 문자는 현재 원본 문자 집합에서 잘못된 문자입니다(코드 페이지 65001).
C:\Users\Administrator\Desktop\Alex\PacMan\PM061602.cpp(1,1): warning C4828: 파일에 0x90c 오프셋에서 시작하는 문자가 포함되어 있습니다. 이 문자는 현재 원본 문자 집합에서 잘못된 문자입니다(코드 페이지 65001).
C:\Users\Administrator\Desktop\Alex\PacMan\PM061602.cpp(1,1): warning C4828: 파일에 0x90d 오프셋에서 시작하는 문자가 포함되어 있습니다. 이 문자는 현재 원본 문자 집합에서 잘못된 문자입니다(코드 페이지 65001).
C:\Users\Administrator\Desktop\Alex\PacMan\PM061602.cpp(1,1): warning C4828: 파일에 0xadd 오프셋에서 시작하는 문자가 포함되어 있습니다. 이 문자는 현재 원본 문자 집합에서 잘못된 문자입니다(코드 페이지 65001).
C:\Users\Administrator\Desktop\Alex\PacMan\PM061602.cpp(1,1): warning C4828: 파일에 0xadf 오프셋에서 시작하는 문자가 포함되어 있습니다. 이 문자는 현재 원본 문자 집합에서 잘못된 문자입니다(코드 페이지 65001).
C:\Users\Administrator\Desktop\Alex\PacMan\PM061602.cpp(1,1): warning C4828: 파일에 0xae0 오프셋에서 시작하는 문자가 포함되어 있습니다. 이 문자는 현재 원본 문자 집합에서 잘못된 문자입니다(코드 페이지 65001).
C:\Users\Administrator\Desktop\Alex\PacMan\PM061602.cpp(1,1): warning C4828: 파일에 0xae5 오프셋에서 시작하는 문자가 포함되어 있습니다. 이 문자는 현재 원본 문자 집합에서 잘못된 문자입니다(코드 페이지 65001).
C:\Users\Administrator\Desktop\Alex\PacMan\PM061602.cpp(1,1): warning C4828: 파일에 0xae6 오프셋에서 시작하는 문자가 포함되어 있습니다. 이 문자는 현재 원본 문자 집합에서 잘못된 문자입니다(코드 페이지 65001).
C:\Users\Administrator\Desktop\Alex\PacMan\PM061602.cpp(1,1): warning C4828: 파일에 0xae7 오프셋에서 시작하는 문자가 포함되어 있습니다. 이 문자는 현재 원본 문자 집합에서 잘못된 문자입니다(코드 페이지 65001).
C:\Users\Administrator\Desktop\Alex\PacMan\PM061602.cpp(1,1): warning C4828: 파일에 0xae8 오프셋에서 시작하는 문자가 포함되어 있습니다. 이 문자는 현재 원본 문자 집합에서 잘못된 문자입니다(코드 페이지 65001).
C:\Users\Administrator\Desktop\Alex\PacMan\PM061602.cpp(1,1): warning C4828: 파일에 0xaea 오프셋에서 시작하는 문자가 포함되어 있습니다. 이 문자는 현재 원본 문자 집합에서 잘못된 문자입니다(코드 페이지 65001).
C:\Users\Administrator\Desktop\Alex\PacMan\PM061602.cpp(1,1): warning C4828: 파일에 0xaeb 오프셋에서 시작하는 문자가 포함되어 있습니다. 이 문자는 현재 원본 문자 집합에서 잘못된 문자입니다(코드 페이지 65001).
C:\Users\Administrator\Desktop\Alex\PacMan\PM061602.cpp(1,1): warning C4828: 파일에 0xb5f 오프셋에서 시작하는 문자가 포함되어 있습니다. 이 문자는 현재 원본 문자 집합에서 잘못된 문자입니다(코드 페이지 65001).
C:\Users\Administrator\Desktop\Alex\PacMan\PM061602.cpp(1,1): warning C4828: 파일에 0xb60 오프셋에서 시작하는 문자가 포함되어 있습니다. 이 문자는 현재 원본 문자 집합에서 잘못된 문자입니다(코드 페이지 65001).
C:\Users\Administrator\Desktop\Alex\PacMan\PM061602.cpp(1,1): warning C4828: 파일에 0xb61 오프셋에서 시작하는 문자가 포함되어 있습니다. 이 문자는 현재 원본 문자 집합에서 잘못된 문자입니다(코드 페이지 65001).
C:\Users\Administrator\Desktop\Alex\PacMan\PM061602.cpp(1,1): warning C4828: 파일에 0xb64 오프셋에서 시작하는 문자가 포함되어 있습니다. 이 문자는 현재 원본 문자 집합에서 잘못된 문자입니다(코드 페이지 65001).
C:\Users\Administrator\Desktop\Alex\PacMan\PM061602.cpp(1,1): warning C4828: 파일에 0xbdc 오프셋에서 시작하는 문자가 포함되어 있습니다. 이 문자는 현재 원본 문자 집합에서 잘못된 문자입니다(코드 페이지 65001).
C:\Users\Administrator\Desktop\Alex\PacMan\PM061602.cpp(1,1): warning C4828: 파일에 0xbdd 오프셋에서 시작하는 문자가 포함되어 있습니다. 이 문자는 현재 원본 문자 집합에서 잘못된 문자입니다(코드 페이지 65001).
C:\Users\Administrator\Desktop\Alex\PacMan\PM061602.cpp(1,1): warning C4828: 파일에 0xbde 오프셋에서 시작하는 문자가 포함되어 있습니다. 이 문자는 현재 원본 문자 집합에서 잘못된 문자입니다(코드 페이지 65001).
C:\Users\Administrator\Desktop\Alex\PacMan\PM061602.cpp(1,1): warning C4828: 파일에 0xbdf 오프셋에서 시작하는 문자가 포함되어 있습니다. 이 문자는 현재 원본 문자 집합에서 잘못된 문자입니다(코드 페이지 65001).
C:\Users\Administrator\Desktop\Alex\PacMan\PM061602.cpp(1,1): warning C4828: 파일에 0xc52 오프셋에서 시작하는 문자가 포함되어 있습니다. 이 문자는 현재 원본 문자 집합에서 잘못된 문자입니다(코드 페이지 65001).
C:\Users\Administrator\Desktop\Alex\PacMan\PM061602.cpp(1,1): warning C4828: 파일에 0xc53 오프셋에서 시작하는 문자가 포함되어 있습니다. 이 문자는 현재 원본 문자 집합에서 잘못된 문자입니다(코드 페이지 65001).
C:\Users\Administrator\Desktop\Alex\PacMan\PM061602.cpp(1,1): warning C4828: 파일에 0xc56 오프셋에서 시작하는 문자가 포함되어 있습니다. 이 문자는 현재 원본 문자 집합에서 잘못된 문자입니다(코드 페이지 65001).
C:\Users\Administrator\Desktop\Alex\PacMan\PM061602.cpp(1,1): warning C4828: 파일에 0xc57 오프셋에서 시작하는 문자가 포함되어 있습니다. 이 문자는 현재 원본 문자 집합에서 잘못된 문자입니다(코드 페이지 65001).
C:\Users\Administrator\Desktop\Alex\PacMan\PM061602.cpp(1,1): warning C4828: 파일에 0xcae 오프셋에서 시작하는 문자가 포함되어 있습니다. 이 문자는 현재 원본 문자 집합에서 잘못된 문자입니다(코드 페이지 65001).
C:\Users\Administrator\Desktop\Alex\PacMan\PM061602.cpp(1,1): warning C4828: 파일에 0xcb3 오프셋에서 시작하는 문자가 포함되어 있습니다. 이 문자는 현재 원본 문자 집합에서 잘못된 문자입니다(코드 페이지 65001).
C:\Users\Administrator\Desktop\Alex\PacMan\PM061602.cpp(1,1): warning C4828: 파일에 0xcb4 오프셋에서 시작하는 문자가 포함되어 있습니다. 이 문자는 현재 원본 문자 집합에서 잘못된 문자입니다(코드 페이지 65001).
C:\Users\Administrator\Desktop\Alex\PacMan\PM061602.cpp(1,1): warning C4828: 파일에 0x10c5 오프셋에서 시작하는 문자가 포함되어 있습니다. 이 문자는 현재 원본 문자 집합에서 잘못된 문자입니다(코드 페이지 65001).
C:\Users\Administrator\Desktop\Alex\PacMan\PM061602.cpp(1,1): warning C4828: 파일에 0x10c6 오프셋에서 시작하는 문자가 포함되어 있습니다. 이 문자는 현재 원본 문자 집합에서 잘못된 문자입니다(코드 페이지 65001).
C:\Users\Administrator\Desktop\Alex\PacMan\PM061602.cpp(1,1): warning C4828: 파일에 0x10ca 오프셋에서 시작하는 문자가 포함되어 있습니다. 이 문자는 현재 원본 문자 집합에서 잘못된 문자입니다(코드 페이지 65001).
C:\Users\Administrator\Desktop\Alex\PacMan\PM061602.cpp(1,1): warning C4828: 파일에 0x10cb 오프셋에서 시작하는 문자가 포함되어 있습니다. 이 문자는 현재 원본 문자 집합에서 잘못된 문자입니다(코드 페이지 65001).
C:\Users\Administrator\Desktop\Alex\PacMan\PM061602.cpp(1,1): warning C4828: 파일에 0x10cf 오프셋에서 시작하는 문자가 포함되어 있습니다. 이 문자는 현재 원본 문자 집합에서 잘못된 문자입니다(코드 페이지 65001).
C:\Users\Administrator\Desktop\Alex\PacMan\PM061602.cpp(1,1): warning C4828: 파일에 0x10d1 오프셋에서 시작하는 문자가 포함되어 있습니다. 이 문자는 현재 원본 문자 집합에서 잘못된 문자입니다(코드 페이지 65001).
C:\Users\Administrator\Desktop\Alex\PacMan\PM061602.cpp(1,1): warning C4828: 파일에 0x10d4 오프셋에서 시작하는 문자가 포함되어 있습니다. 이 문자는 현재 원본 문자 집합에서 잘못된 문자입니다(코드 페이지 65001).
C:\Users\Administrator\Desktop\Alex\PacMan\PM061602.cpp(1,1): warning C4828: 파일에 0x10d5 오프셋에서 시작하는 문자가 포함되어 있습니다. 이 문자는 현재 원본 문자 집합에서 잘못된 문자입니다(코드 페이지 65001).
C:\Users\Administrator\Desktop\Alex\PacMan\PM061602.cpp(1,1): warning C4828: 파일에 0x10d6 오프셋에서 시작하는 문자가 포함되어 있습니다. 이 문자는 현재 원본 문자 집합에서 잘못된 문자입니다(코드 페이지 65001).
C:\Users\Administrator\Desktop\Alex\PacMan\PM061602.cpp(1,1): warning C4828: 파일에 0x10d7 오프셋에서 시작하는 문자가 포함되어 있습니다. 이 문자는 현재 원본 문자 집합에서 잘못된 문자입니다(코드 페이지 65001).
C:\Users\Administrator\Desktop\Alex\PacMan\PM061602.cpp(1,1): warning C4828: 파일에 0x10d8 오프셋에서 시작하는 문자가 포함되어 있습니다. 이 문자는 현재 원본 문자 집합에서 잘못된 문자입니다(코드 페이지 65001).
C:\Users\Administrator\Desktop\Alex\PacMan\PM061602.cpp(1,1): warning C4828: 파일에 0x10dd 오프셋에서 시작하는 문자가 포함되어 있습니다. 이 문자는 현재 원본 문자 집합에서 잘못된 문자입니다(코드 페이지 65001).
C:\Users\Administrator\Desktop\Alex\PacMan\PM061602.cpp(1,1): warning C4828: 파일에 0x10e1 오프셋에서 시작하는 문자가 포함되어 있습니다. 이 문자는 현재 원본 문자 집합에서 잘못된 문자입니다(코드 페이지 65001).
C:\Users\Administrator\Desktop\Alex\PacMan\PM061602.cpp(1,1): warning C4828: 파일에 0x10e2 오프셋에서 시작하는 문자가 포함되어 있습니다. 이 문자는 현재 원본 문자 집합에서 잘못된 문자입니다(코드 페이지 65001).
C:\Users\Administrator\Desktop\Alex\PacMan\PM061602.cpp(1,1): warning C4828: 파일에 0x1169 오프셋에서 시작하는 문자가 포함되어 있습니다. 이 문자는 현재 원본 문자 집합에서 잘못된 문자입니다(코드 페이지 65001).
C:\Users\Administrator\Desktop\Alex\PacMan\PM061602.cpp(1,1): warning C4828: 파일에 0x116a 오프셋에서 시작하는 문자가 포함되어 있습니다. 이 문자는 현재 원본 문자 집합에서 잘못된 문자입니다(코드 페이지 65001).
C:\Users\Administrator\Desktop\Alex\PacMan\PM061602.cpp(1,1): warning C4828: 파일에 0x116b 오프셋에서 시작하는 문자가 포함되어 있습니다. 이 문자는 현재 원본 문자 집합에서 잘못된 문자입니다(코드 페이지 65001).
C:\Users\Administrator\Desktop\Alex\PacMan\PM061602.cpp(1,1): warning C4828: 파일에 0x116c 오프셋에서 시작하는 문자가 포함되어 있습니다. 이 문자는 현재 원본 문자 집합에서 잘못된 문자입니다(코드 페이지 65001).
C:\Users\Administrator\Desktop\Alex\PacMan\PM061602.cpp(1,1): warning C4828: 파일에 0x116e 오프셋에서 시작하는 문자가 포함되어 있습니다. 이 문자는 현재 원본 문자 집합에서 잘못된 문자입니다(코드 페이지 65001).
C:\Users\Administrator\Desktop\Alex\PacMan\PM061602.cpp(1,1): warning C4828: 파일에 0x116f 오프셋에서 시작하는 문자가 포함되어 있습니다. 이 문자는 현재 원본 문자 집합에서 잘못된 문자입니다(코드 페이지 65001).
C:\Users\Administrator\Desktop\Alex\PacMan\PM061602.cpp(1,1): warning C4828: 파일에 0x1175 오프셋에서 시작하는 문자가 포함되어 있습니다. 이 문자는 현재 원본 문자 집합에서 잘못된 문자입니다(코드 페이지 65001).
C:\Users\Administrator\Desktop\Alex\PacMan\PM061602.cpp(1,1): warning C4828: 파일에 0x1176 오프셋에서 시작하는 문자가 포함되어 있습니다. 이 문자는 현재 원본 문자 집합에서 잘못된 문자입니다(코드 페이지 65001).
C:\Users\Administrator\Desktop\Alex\PacMan\PM061602.cpp(1,1): warning C4828: 파일에 0x11de 오프셋에서 시작하는 문자가 포함되어 있습니다. 이 문자는 현재 원본 문자 집합에서 잘못된 문자입니다(코드 페이지 65001).
C:\Users\Administrator\Desktop\Alex\PacMan\PM061602.cpp(1,1): warning C4828: 파일에 0x11e2 오프셋에서 시작하는 문자가 포함되어 있습니다. 이 문자는 현재 원본 문자 집합에서 잘못된 문자입니다(코드 페이지 65001).
C:\Users\Administrator\Desktop\Alex\PacMan\PM061602.cpp(1,1): warning C4828: 파일에 0x11e3 오프셋에서 시작하는 문자가 포함되어 있습니다. 이 문자는 현재 원본 문자 집합에서 잘못된 문자입니다(코드 페이지 65001).
C:\Users\Administrator\Desktop\Alex\PacMan\PM061602.cpp(1,1): warning C4828: 파일에 0x11e5 오프셋에서 시작하는 문자가 포함되어 있습니다. 이 문자는 현재 원본 문자 집합에서 잘못된 문자입니다(코드 페이지 65001).
C:\Users\Administrator\Desktop\Alex\PacMan\PM061602.cpp(1,1): warning C4828: 파일에 0x11e7 오프셋에서 시작하는 문자가 포함되어 있습니다. 이 문자는 현재 원본 문자 집합에서 잘못된 문자입니다(코드 페이지 65001).
C:\Users\Administrator\Desktop\Alex\PacMan\PM061602.cpp(1,1): warning C4828: 파일에 0x11e8 오프셋에서 시작하는 문자가 포함되어 있습니다. 이 문자는 현재 원본 문자 집합에서 잘못된 문자입니다(코드 페이지 65001).
C:\Users\Administrator\Desktop\Alex\PacMan\PM061602.cpp(1,1): warning C4828: 파일에 0x11eb 오프셋에서 시작하는 문자가 포함되어 있습니다. 이 문자는 현재 원본 문자 집합에서 잘못된 문자입니다(코드 페이지 65001).
C:\Users\Administrator\Desktop\Alex\PacMan\PM061602.cpp(1,1): warning C4828: 파일에 0x11ec 오프셋에서 시작하는 문자가 포함되어 있습니다. 이 문자는 현재 원본 문자 집합에서 잘못된 문자입니다(코드 페이지 65001).
C:\Users\Administrator\Desktop\Alex\PacMan\PM061602.cpp(1,1): warning C4828: 파일에 0x11f3 오프셋에서 시작하는 문자가 포함되어 있습니다. 이 문자는 현재 원본 문자 집합에서 잘못된 문자입니다(코드 페이지 65001).
C:\Users\Administrator\Desktop\Alex\PacMan\PM061602.cpp(1,1): warning C4828: 파일에 0x11f8 오프셋에서 시작하는 문자가 포함되어 있습니다. 이 문자는 현재 원본 문자 집합에서 잘못된 문자입니다(코드 페이지 65001).
C:\Users\Administrator\Desktop\Alex\PacMan\PM061602.cpp(1,1): warning C4828: 파일에 0x11fd 오프셋에서 시작하는 문자가 포함되어 있습니다. 이 문자는 현재 원본 문자 집합에서 잘못된 문자입니다(코드 페이지 65001).
C:\Users\Administrator\Desktop\Alex\PacMan\PM061602.cpp(1,1): warning C4828: 파일에 0x11fe 오프셋에서 시작하는 문자가 포함되어 있습니다. 이 문자는 현재 원본 문자 집합에서 잘못된 문자입니다(코드 페이지 65001).
C:\Users\Administrator\Desktop\Alex\PacMan\PM061602.cpp(1,1): warning C4828: 파일에 0x1200 오프셋에서 시작하는 문자가 포함되어 있습니다. 이 문자는 현재 원본 문자 집합에서 잘못된 문자입니다(코드 페이지 65001).
C:\Users\Administrator\Desktop\Alex\PacMan\PM061602.cpp(1,1): warning C4828: 파일에 0x1201 오프셋에서 시작하는 문자가 포함되어 있습니다. 이 문자는 현재 원본 문자 집합에서 잘못된 문자입니다(코드 페이지 65001).
C:\Users\Administrator\Desktop\Alex\PacMan\PM061602.cpp(1,1): warning C4828: 파일에 0x1203 오프셋에서 시작하는 문자가 포함되어 있습니다. 이 문자는 현재 원본 문자 집합에서 잘못된 문자입니다(코드 페이지 65001).
C:\Users\Administrator\Desktop\Alex\PacMan\PM061602.cpp(1,1): warning C4828: 파일에 0x12f8 오프셋에서 시작하는 문자가 포함되어 있습니다. 이 문자는 현재 원본 문자 집합에서 잘못된 문자입니다(코드 페이지 65001).
C:\Users\Administrator\Desktop\Alex\PacMan\PM061602.cpp(1,1): warning C4828: 파일에 0x12fa 오프셋에서 시작하는 문자가 포함되어 있습니다. 이 문자는 현재 원본 문자 집합에서 잘못된 문자입니다(코드 페이지 65001).
C:\Users\Administrator\Desktop\Alex\PacMan\PM061602.cpp(1,1): warning C4828: 파일에 0x12fd 오프셋에서 시작하는 문자가 포함되어 있습니다. 이 문자는 현재 원본 문자 집합에서 잘못된 문자입니다(코드 페이지 65001).
C:\Users\Administrator\Desktop\Alex\PacMan\PM061602.cpp(1,1): warning C4828: 파일에 0x12ff 오프셋에서 시작하는 문자가 포함되어 있습니다. 이 문자는 현재 원본 문자 집합에서 잘못된 문자입니다(코드 페이지 65001).
C:\Users\Administrator\Desktop\Alex\PacMan\PM061602.cpp(1,1): warning C4828: 파일에 0x1304 오프셋에서 시작하는 문자가 포함되어 있습니다. 이 문자는 현재 원본 문자 집합에서 잘못된 문자입니다(코드 페이지 65001).
C:\Users\Administrator\Desktop\Alex\PacMan\PM061602.cpp(1,1): warning C4828: 파일에 0x1309 오프셋에서 시작하는 문자가 포함되어 있습니다. 이 문자는 현재 원본 문자 집합에서 잘못된 문자입니다(코드 페이지 65001).
C:\Users\Administrator\Desktop\Alex\PacMan\PM061602.cpp(1,1): warning C4828: 파일에 0x130b 오프셋에서 시작하는 문자가 포함되어 있습니다. 이 문자는 현재 원본 문자 집합에서 잘못된 문자입니다(코드 페이지 65001).
C:\Users\Administrator\Desktop\Alex\PacMan\PM061602.cpp(1,1): warning C4828: 파일에 0x130c 오프셋에서 시작하는 문자가 포함되어 있습니다. 이 문자는 현재 원본 문자 집합에서 잘못된 문자입니다(코드 페이지 65001).
C:\Users\Administrator\Desktop\Alex\PacMan\PM061602.cpp(1,1): warning C4828: 파일에 0x130d 오프셋에서 시작하는 문자가 포함되어 있습니다. 이 문자는 현재 원본 문자 집합에서 잘못된 문자입니다(코드 페이지 65001).
C:\Users\Administrator\Desktop\Alex\PacMan\PM061602.cpp(1,1): warning C4828: 파일에 0x130e 오프셋에서 시작하는 문자가 포함되어 있습니다. 이 문자는 현재 원본 문자 집합에서 잘못된 문자입니다(코드 페이지 65001).
C:\Users\Administrator\Desktop\Alex\PacMan\PM061602.cpp(1,1): warning C4828: 파일에 0x1583 오프셋에서 시작하는 문자가 포함되어 있습니다. 이 문자는 현재 원본 문자 집합에서 잘못된 문자입니다(코드 페이지 65001).
C:\Users\Administrator\Desktop\Alex\PacMan\PM061602.cpp(1,1): warning C4828: 파일에 0x1584 오프셋에서 시작하는 문자가 포함되어 있습니다. 이 문자는 현재 원본 문자 집합에서 잘못된 문자입니다(코드 페이지 65001).
C:\Users\Administrator\Desktop\Alex\PacMan\PM061602.cpp(1,1): warning C4828: 파일에 0x1585 오프셋에서 시작하는 문자가 포함되어 있습니다. 이 문자는 현재 원본 문자 집합에서 잘못된 문자입니다(코드 페이지 65001).
C:\Users\Administrator\Desktop\Alex\PacMan\PM061602.cpp(1,1): warning C4828: 파일에 0x1586 오프셋에서 시작하는 문자가 포함되어 있습니다. 이 문자는 현재 원본 문자 집합에서 잘못된 문자입니다(코드 페이지 65001).
C:\Users\Administrator\Desktop\Alex\PacMan\PM061602.cpp(1,1): warning C4828: 파일에 0x1588 오프셋에서 시작하는 문자가 포함되어 있습니다. 이 문자는 현재 원본 문자 집합에서 잘못된 문자입니다(코드 페이지 65001).
C:\Users\Administrator\Desktop\Alex\PacMan\PM061602.cpp(1,1): warning C4828: 파일에 0x158b 오프셋에서 시작하는 문자가 포함되어 있습니다. 이 문자는 현재 원본 문자 집합에서 잘못된 문자입니다(코드 페이지 65001).
C:\Users\Administrator\Desktop\Alex\PacMan\PM061602.cpp(1,1): warning C4828: 파일에 0x15d6 오프셋에서 시작하는 문자가 포함되어 있습니다. 이 문자는 현재 원본 문자 집합에서 잘못된 문자입니다(코드 페이지 65001).
C:\Users\Administrator\Desktop\Alex\PacMan\PM061602.cpp(1,1): warning C4828: 파일에 0x15d9 오프셋에서 시작하는 문자가 포함되어 있습니다. 이 문자는 현재 원본 문자 집합에서 잘못된 문자입니다(코드 페이지 65001).
C:\Users\Administrator\Desktop\Alex\PacMan\PM061602.cpp(1,1): warning C4828: 파일에 0x15da 오프셋에서 시작하는 문자가 포함되어 있습니다. 이 문자는 현재 원본 문자 집합에서 잘못된 문자입니다(코드 페이지 65001).
C:\Users\Administrator\Desktop\Alex\PacMan\PM061602.cpp(1,1): warning C4828: 파일에 0x15db 오프셋에서 시작하는 문자가 포함되어 있습니다. 이 문자는 현재 원본 문자 집합에서 잘못된 문자입니다(코드 페이지 65001).
C:\Users\Administrator\Desktop\Alex\PacMan\PM061602.cpp(1,1): warning C4828: 파일에 0x15dd 오프셋에서 시작하는 문자가 포함되어 있습니다. 이 문자는 현재 원본 문자 집합에서 잘못된 문자입니다(코드 페이지 65001).
C:\Users\Administrator\Desktop\Alex\PacMan\PM061602.cpp(1,1): warning C4828: 파일에 0x15e0 오프셋에서 시작하는 문자가 포함되어 있습니다. 이 문자는 현재 원본 문자 집합에서 잘못된 문자입니다(코드 페이지 65001).
C:\Users\Administrator\Desktop\Alex\PacMan\PM061602.cpp(1,1): warning C4828: 파일에 0x1621 오프셋에서 시작하는 문자가 포함되어 있습니다. 이 문자는 현재 원본 문자 집합에서 잘못된 문자입니다(코드 페이지 65001).
C:\Users\Administrator\Desktop\Alex\PacMan\PM061602.cpp(1,1): warning C4828: 파일에 0x1622 오프셋에서 시작하는 문자가 포함되어 있습니다. 이 문자는 현재 원본 문자 집합에서 잘못된 문자입니다(코드 페이지 65001).
C:\Users\Administrator\Desktop\Alex\PacMan\PM061602.cpp(1,1): warning C4828: 파일에 0x1624 오프셋에서 시작하는 문자가 포함되어 있습니다. 이 문자는 현재 원본 문자 집합에서 잘못된 문자입니다(코드 페이지 65001).
C:\Users\Administrator\Desktop\Alex\PacMan\PM061602.cpp(1,1): warning C4828: 파일에 0x1626 오프셋에서 시작하는 문자가 포함되어 있습니다. 이 문자는 현재 원본 문자 집합에서 잘못된 문자입니다(코드 페이지 65001).
C:\Users\Administrator\Desktop\Alex\PacMan\PM061602.cpp(1,1): warning C4828: 파일에 0x1629 오프셋에서 시작하는 문자가 포함되어 있습니다. 이 문자는 현재 원본 문자 집합에서 잘못된 문자입니다(코드 페이지 65001).
C:\Users\Administrator\Desktop\Alex\PacMan\PM061602.cpp(1,1): warning C4828: 파일에 0x1674 오프셋에서 시작하는 문자가 포함되어 있습니다. 이 문자는 현재 원본 문자 집합에서 잘못된 문자입니다(코드 페이지 65001).
C:\Users\Administrator\Desktop\Alex\PacMan\PM061602.cpp(1,1): warning C4828: 파일에 0x1675 오프셋에서 시작하는 문자가 포함되어 있습니다. 이 문자는 현재 원본 문자 집합에서 잘못된 문자입니다(코드 페이지 65001).
C:\Users\Administrator\Desktop\Alex\PacMan\PM061602.cpp(1,1): warning C4828: 파일에 0x1676 오프셋에서 시작하는 문자가 포함되어 있습니다. 이 문자는 현재 원본 문자 집합에서 잘못된 문자입니다(코드 페이지 65001).
C:\Users\Administrator\Desktop\Alex\PacMan\PM061602.cpp(1,1): warning C4828: 파일에 0x1677 오프셋에서 시작하는 문자가 포함되어 있습니다. 이 문자는 현재 원본 문자 집합에서 잘못된 문자입니다(코드 페이지 65001).
C:\Users\Administrator\Desktop\Alex\PacMan\PM061602.cpp(1,1): warning C4828: 파일에 0x1678 오프셋에서 시작하는 문자가 포함되어 있습니다. 이 문자는 현재 원본 문자 집합에서 잘못된 문자입니다(코드 페이지 65001).
C:\Users\Administrator\Desktop\Alex\PacMan\PM061602.cpp(1,1): warning C4828: 파일에 0x167b 오프셋에서 시작하는 문자가 포함되어 있습니다. 이 문자는 현재 원본 문자 집합에서 잘못된 문자입니다(코드 페이지 65001).
C:\Users\Administrator\Desktop\Alex\PacMan\PM061602.cpp(1,1): warning C4828: 파일에 0x167e 오프셋에서 시작하는 문자가 포함되어 있습니다. 이 문자는 현재 원본 문자 집합에서 잘못된 문자입니다(코드 페이지 65001).
C:\Users\Administrator\Desktop\Alex\PacMan\PM061602.cpp(1,1): warning C4828: 파일에 0x16c7 오프셋에서 시작하는 문자가 포함되어 있습니다. 이 문자는 현재 원본 문자 집합에서 잘못된 문자입니다(코드 페이지 65001).
C:\Users\Administrator\Desktop\Alex\PacMan\PM061602.cpp(1,1): warning C4828: 파일에 0x16c8 오프셋에서 시작하는 문자가 포함되어 있습니다. 이 문자는 현재 원본 문자 집합에서 잘못된 문자입니다(코드 페이지 65001).
C:\Users\Administrator\Desktop\Alex\PacMan\PM061602.cpp(1,1): warning C4828: 파일에 0x16ce 오프셋에서 시작하는 문자가 포함되어 있습니다. 이 문자는 현재 원본 문자 집합에서 잘못된 문자입니다(코드 페이지 65001).
C:\Users\Administrator\Desktop\Alex\PacMan\PM061602.cpp(1,1): warning C4828: 파일에 0x16cf 오프셋에서 시작하는 문자가 포함되어 있습니다. 이 문자는 현재 원본 문자 집합에서 잘못된 문자입니다(코드 페이지 65001).
C:\Users\Administrator\Desktop\Alex\PacMan\PM061602.cpp(1,1): warning C4828: 파일에 0x16d1 오프셋에서 시작하는 문자가 포함되어 있습니다. 이 문자는 현재 원본 문자 집합에서 잘못된 문자입니다(코드 페이지 65001).
C:\Users\Administrator\Desktop\Alex\PacMan\PM061602.cpp(1,1): warning C4828: 파일에 0x16d2 오프셋에서 시작하는 문자가 포함되어 있습니다. 이 문자는 현재 원본 문자 집합에서 잘못된 문자입니다(코드 페이지 65001).
C:\Users\Administrator\Desktop\Alex\PacMan\PM061602.cpp(1,1): warning C4828: 파일에 0x16d3 오프셋에서 시작하는 문자가 포함되어 있습니다. 이 문자는 현재 원본 문자 집합에서 잘못된 문자입니다(코드 페이지 65001).
C:\Users\Administrator\Desktop\Alex\PacMan\PM061602.cpp(1,1): warning C4828: 파일에 0x16d6 오프셋에서 시작하는 문자가 포함되어 있습니다. 이 문자는 현재 원본 문자 집합에서 잘못된 문자입니다(코드 페이지 65001).
C:\Users\Administrator\Desktop\Alex\PacMan\PM061602.cpp(1,1): warning C4828: 파일에 0x16db 오프셋에서 시작하는 문자가 포함되어 있습니다. 이 문자는 현재 원본 문자 집합에서 잘못된 문자입니다(코드 페이지 65001).
C:\Users\Administrator\Desktop\Alex\PacMan\PM061602.cpp(1,1): warning C4828: 파일에 0x16dc 오프셋에서 시작하는 문자가 포함되어 있습니다. 이 문자는 현재 원본 문자 집합에서 잘못된 문자입니다(코드 페이지 65001).
C:\Users\Administrator\Desktop\Alex\PacMan\PM061602.cpp(1,1): warning C4828: 파일에 0x16df 오프셋에서 시작하는 문자가 포함되어 있습니다. 이 문자는 현재 원본 문자 집합에서 잘못된 문자입니다(코드 페이지 65001).
C:\Users\Administrator\Desktop\Alex\PacMan\PM061602.cpp(1,1): warning C4828: 파일에 0x16e0 오프셋에서 시작하는 문자가 포함되어 있습니다. 이 문자는 현재 원본 문자 집합에서 잘못된 문자입니다(코드 페이지 65001).
C:\Users\Administrator\Desktop\Alex\PacMan\PM061602.cpp(1,1): warning C4828: 파일에 0x16e4 오프셋에서 시작하는 문자가 포함되어 있습니다. 이 문자는 현재 원본 문자 집합에서 잘못된 문자입니다(코드 페이지 65001).
C:\Users\Administrator\Desktop\Alex\PacMan\PM061602.cpp(1,1): warning C4828: 파일에 0x16e7 오프셋에서 시작하는 문자가 포함되어 있습니다. 이 문자는 현재 원본 문자 집합에서 잘못된 문자입니다(코드 페이지 65001).
C:\Users\Administrator\Desktop\Alex\PacMan\PM061602.cpp(1,1): warning C4828: 파일에 0x16e9 오프셋에서 시작하는 문자가 포함되어 있습니다. 이 문자는 현재 원본 문자 집합에서 잘못된 문자입니다(코드 페이지 65001).
C:\Users\Administrator\Desktop\Alex\PacMan\PM061602.cpp(1,1): warning C4828: 파일에 0x16ea 오프셋에서 시작하는 문자가 포함되어 있습니다. 이 문자는 현재 원본 문자 집합에서 잘못된 문자입니다(코드 페이지 65001).
C:\Users\Administrator\Desktop\Alex\PacMan\PM061602.cpp(1,1): warning C4828: 파일에 0x16eb 오프셋에서 시작하는 문자가 포함되어 있습니다. 이 문자는 현재 원본 문자 집합에서 잘못된 문자입니다(코드 페이지 65001).
C:\Users\Administrator\Desktop\Alex\PacMan\PM061602.cpp(1,1): warning C4828: 파일에 0x16ec 오프셋에서 시작하는 문자가 포함되어 있습니다. 이 문자는 현재 원본 문자 집합에서 잘못된 문자입니다(코드 페이지 65001).
C:\Users\Administrator\Desktop\Alex\PacMan\PM061602.cpp(1,1): warning C4828: 파일에 0x1723 오프셋에서 시작하는 문자가 포함되어 있습니다. 이 문자는 현재 원본 문자 집합에서 잘못된 문자입니다(코드 페이지 65001).
C:\Users\Administrator\Desktop\Alex\PacMan\PM061602.cpp(1,1): warning C4828: 파일에 0x1726 오프셋에서 시작하는 문자가 포함되어 있습니다. 이 문자는 현재 원본 문자 집합에서 잘못된 문자입니다(코드 페이지 65001).
C:\Users\Administrator\Desktop\Alex\PacMan\PM061602.cpp(1,1): warning C4828: 파일에 0x1727 오프셋에서 시작하는 문자가 포함되어 있습니다. 이 문자는 현재 원본 문자 집합에서 잘못된 문자입니다(코드 페이지 65001).
C:\Users\Administrator\Desktop\Alex\PacMan\PM061602.cpp(1,1): warning C4828: 파일에 0x172a 오프셋에서 시작하는 문자가 포함되어 있습니다. 이 문자는 현재 원본 문자 집합에서 잘못된 문자입니다(코드 페이지 65001).
C:\Users\Administrator\Desktop\Alex\PacMan\PM061602.cpp(1,1): warning C4828: 파일에 0x172b 오프셋에서 시작하는 문자가 포함되어 있습니다. 이 문자는 현재 원본 문자 집합에서 잘못된 문자입니다(코드 페이지 65001).
C:\Users\Administrator\Desktop\Alex\PacMan\PM061602.cpp(1,1): warning C4828: 파일에 0x172e 오프셋에서 시작하는 문자가 포함되어 있습니다. 이 문자는 현재 원본 문자 집합에서 잘못된 문자입니다(코드 페이지 65001).
C:\Users\Administrator\Desktop\Alex\PacMan\PM061602.cpp(1,1): warning C4828: 파일에 0x172f 오프셋에서 시작하는 문자가 포함되어 있습니다. 이 문자는 현재 원본 문자 집합에서 잘못된 문자입니다(코드 페이지 65001).
C:\Users\Administrator\Desktop\Alex\PacMan\PM061602.cpp(1,1): warning C4828: 파일에 0x1731 오프셋에서 시작하는 문자가 포함되어 있습니다. 이 문자는 현재 원본 문자 집합에서 잘못된 문자입니다(코드 페이지 65001).
C:\Users\Administrator\Desktop\Alex\PacMan\PM061602.cpp(1,1): warning C4828: 파일에 0x1732 오프셋에서 시작하는 문자가 포함되어 있습니다. 이 문자는 현재 원본 문자 집합에서 잘못된 문자입니다(코드 페이지 65001).
C:\Users\Administrator\Desktop\Alex\PacMan\PM061602.cpp(1,1): warning C4828: 파일에 0x1736 오프셋에서 시작하는 문자가 포함되어 있습니다. 이 문자는 현재 원본 문자 집합에서 잘못된 문자입니다(코드 페이지 65001).
C:\Users\Administrator\Desktop\Alex\PacMan\PM061602.cpp(1,1): warning C4828: 파일에 0x1737 오프셋에서 시작하는 문자가 포함되어 있습니다. 이 문자는 현재 원본 문자 집합에서 잘못된 문자입니다(코드 페이지 65001).
C:\Users\Administrator\Desktop\Alex\PacMan\PM061602.cpp(1,1): warning C4828: 파일에 0x1738 오프셋에서 시작하는 문자가 포함되어 있습니다. 이 문자는 현재 원본 문자 집합에서 잘못된 문자입니다(코드 페이지 65001).
C:\Users\Administrator\Desktop\Alex\PacMan\PM061602.cpp(1,1): warning C4828: 파일에 0x1739 오프셋에서 시작하는 문자가 포함되어 있습니다. 이 문자는 현재 원본 문자 집합에서 잘못된 문자입니다(코드 페이지 65001).
C:\Users\Administrator\Desktop\Alex\PacMan\PM061602.cpp(1,1): warning C4828: 파일에 0x173b 오프셋에서 시작하는 문자가 포함되어 있습니다. 이 문자는 현재 원본 문자 집합에서 잘못된 문자입니다(코드 페이지 65001).
C:\Users\Administrator\Desktop\Alex\PacMan\PM061602.cpp(1,1): warning C4828: 파일에 0x173c 오프셋에서 시작하는 문자가 포함되어 있습니다. 이 문자는 현재 원본 문자 집합에서 잘못된 문자입니다(코드 페이지 65001).
C:\Users\Administrator\Desktop\Alex\PacMan\PM061602.cpp(1,1): warning C4828: 파일에 0x173d 오프셋에서 시작하는 문자가 포함되어 있습니다. 이 문자는 현재 원본 문자 집합에서 잘못된 문자입니다(코드 페이지 65001).
C:\Users\Administrator\Desktop\Alex\PacMan\PM061602.cpp(1,1): warning C4828: 파일에 0x173e 오프셋에서 시작하는 문자가 포함되어 있습니다. 이 문자는 현재 원본 문자 집합에서 잘못된 문자입니다(코드 페이지 65001).
C:\Users\Administrator\Desktop\Alex\PacMan\PM061602.cpp(1,1): warning C4828: 파일에 0x176a 오프셋에서 시작하는 문자가 포함되어 있습니다. 이 문자는 현재 원본 문자 집합에서 잘못된 문자입니다(코드 페이지 65001).
C:\Users\Administrator\Desktop\Alex\PacMan\PM061602.cpp(1,1): warning C4828: 파일에 0x176b 오프셋에서 시작하는 문자가 포함되어 있습니다. 이 문자는 현재 원본 문자 집합에서 잘못된 문자입니다(코드 페이지 65001).
C:\Users\Administrator\Desktop\Alex\PacMan\PM061602.cpp(1,1): warning C4828: 파일에 0x176f 오프셋에서 시작하는 문자가 포함되어 있습니다. 이 문자는 현재 원본 문자 집합에서 잘못된 문자입니다(코드 페이지 65001).
C:\Users\Administrator\Desktop\Alex\PacMan\PM061602.cpp(1,1): warning C4828: 파일에 0x1772 오프셋에서 시작하는 문자가 포함되어 있습니다. 이 문자는 현재 원본 문자 집합에서 잘못된 문자입니다(코드 페이지 65001).
C:\Users\Administrator\Desktop\Alex\PacMan\PM061602.cpp(1,1): warning C4828: 파일에 0x1775 오프셋에서 시작하는 문자가 포함되어 있습니다. 이 문자는 현재 원본 문자 집합에서 잘못된 문자입니다(코드 페이지 65001).
C:\Users\Administrator\Desktop\Alex\PacMan\PM061602.cpp(1,1): warning C4828: 파일에 0x1776 오프셋에서 시작하는 문자가 포함되어 있습니다. 이 문자는 현재 원본 문자 집합에서 잘못된 문자입니다(코드 페이지 65001).
C:\Users\Administrator\Desktop\Alex\PacMan\PM061602.cpp(1,1): warning C4828: 파일에 0x177c 오프셋에서 시작하는 문자가 포함되어 있습니다. 이 문자는 현재 원본 문자 집합에서 잘못된 문자입니다(코드 페이지 65001).
C:\Users\Administrator\Desktop\Alex\PacMan\PM061602.cpp(1,1): warning C4828: 파일에 0x177d 오프셋에서 시작하는 문자가 포함되어 있습니다. 이 문자는 현재 원본 문자 집합에서 잘못된 문자입니다(코드 페이지 65001).
C:\Users\Administrator\Desktop\Alex\PacMan\PM061602.cpp(1,1): warning C4828: 파일에 0x1794 오프셋에서 시작하는 문자가 포함되어 있습니다. 이 문자는 현재 원본 문자 집합에서 잘못된 문자입니다(코드 페이지 65001).
C:\Users\Administrator\Desktop\Alex\PacMan\PM061602.cpp(1,1): warning C4828: 파일에 0x1795 오프셋에서 시작하는 문자가 포함되어 있습니다. 이 문자는 현재 원본 문자 집합에서 잘못된 문자입니다(코드 페이지 65001).
C:\Users\Administrator\Desktop\Alex\PacMan\PM061602.cpp(1,1): warning C4828: 파일에 0x1797 오프셋에서 시작하는 문자가 포함되어 있습니다. 이 문자는 현재 원본 문자 집합에서 잘못된 문자입니다(코드 페이지 65001).
C:\Users\Administrator\Desktop\Alex\PacMan\PM061602.cpp(1,1): warning C4828: 파일에 0x1799 오프셋에서 시작하는 문자가 포함되어 있습니다. 이 문자는 현재 원본 문자 집합에서 잘못된 문자입니다(코드 페이지 65001).
C:\Users\Administrator\Desktop\Alex\PacMan\PM061602.cpp(1,1): warning C4828: 파일에 0x179b 오프셋에서 시작하는 문자가 포함되어 있습니다. 이 문자는 현재 원본 문자 집합에서 잘못된 문자입니다(코드 페이지 65001).
C:\Users\Administrator\Desktop\Alex\PacMan\PM061602.cpp(1,1): warning C4828: 파일에 0x179c 오프셋에서 시작하는 문자가 포함되어 있습니다. 이 문자는 현재 원본 문자 집합에서 잘못된 문자입니다(코드 페이지 65001).
C:\Users\Administrator\Desktop\Alex\PacMan\PM061602.cpp(1,1): warning C4828: 파일에 0x179d 오프셋에서 시작하는 문자가 포함되어 있습니다. 이 문자는 현재 원본 문자 집합에서 잘못된 문자입니다(코드 페이지 65001).
C:\Users\Administrator\Desktop\Alex\PacMan\PM061602.cpp(1,1): warning C4828: 파일에 0x179e 오프셋에서 시작하는 문자가 포함되어 있습니다. 이 문자는 현재 원본 문자 집합에서 잘못된 문자입니다(코드 페이지 65001).
C:\Users\Administrator\Desktop\Alex\PacMan\PM061602.cpp(1,1): warning C4828: 파일에 0x17a0 오프셋에서 시작하는 문자가 포함되어 있습니다. 이 문자는 현재 원본 문자 집합에서 잘못된 문자입니다(코드 페이지 65001).
C:\Users\Administrator\Desktop\Alex\PacMan\PM061602.cpp(1,1): warning C4828: 파일에 0x17a1 오프셋에서 시작하는 문자가 포함되어 있습니다. 이 문자는 현재 원본 문자 집합에서 잘못된 문자입니다(코드 페이지 65001).
C:\Users\Administrator\Desktop\Alex\PacMan\PM061602.cpp(1,1): warning C4828: 파일에 0x17a4 오프셋에서 시작하는 문자가 포함되어 있습니다. 이 문자는 현재 원본 문자 집합에서 잘못된 문자입니다(코드 페이지 65001).
C:\Users\Administrator\Desktop\Alex\PacMan\PM061602.cpp(1,1): warning C4828: 파일에 0x17a5 오프셋에서 시작하는 문자가 포함되어 있습니다. 이 문자는 현재 원본 문자 집합에서 잘못된 문자입니다(코드 페이지 65001).
C:\Users\Administrator\Desktop\Alex\PacMan\PM061602.cpp(1,1): warning C4828: 파일에 0x17a8 오프셋에서 시작하는 문자가 포함되어 있습니다. 이 문자는 현재 원본 문자 집합에서 잘못된 문자입니다(코드 페이지 65001).
C:\Users\Administrator\Desktop\Alex\PacMan\PM061602.cpp(1,1): warning C4828: 파일에 0x17a9 오프셋에서 시작하는 문자가 포함되어 있습니다. 이 문자는 현재 원본 문자 집합에서 잘못된 문자입니다(코드 페이지 65001).
C:\Users\Administrator\Desktop\Alex\PacMan\PM061602.cpp(1,1): warning C4828: 파일에 0x17ab 오프셋에서 시작하는 문자가 포함되어 있습니다. 이 문자는 현재 원본 문자 집합에서 잘못된 문자입니다(코드 페이지 65001).
C:\Users\Administrator\Desktop\Alex\PacMan\PM061602.cpp(1,1): warning C4828: 파일에 0x17ac 오프셋에서 시작하는 문자가 포함되어 있습니다. 이 문자는 현재 원본 문자 집합에서 잘못된 문자입니다(코드 페이지 65001).
C:\Users\Administrator\Desktop\Alex\PacMan\PM061602.cpp(1,1): warning C4828: 파일에 0x17ad 오프셋에서 시작하는 문자가 포함되어 있습니다. 이 문자는 현재 원본 문자 집합에서 잘못된 문자입니다(코드 페이지 65001).
C:\Users\Administrator\Desktop\Alex\PacMan\PM061602.cpp(1,1): warning C4828: 파일에 0x17ae 오프셋에서 시작하는 문자가 포함되어 있습니다. 이 문자는 현재 원본 문자 집합에서 잘못된 문자입니다(코드 페이지 65001).
C:\Users\Administrator\Desktop\Alex\PacMan\PM061602.cpp(1,1): warning C4828: 파일에 0x17b1 오프셋에서 시작하는 문자가 포함되어 있습니다. 이 문자는 현재 원본 문자 집합에서 잘못된 문자입니다(코드 페이지 65001).
C:\Users\Administrator\Desktop\Alex\PacMan\PM061602.cpp(1,1): warning C4828: 파일에 0x17b3 오프셋에서 시작하는 문자가 포함되어 있습니다. 이 문자는 현재 원본 문자 집합에서 잘못된 문자입니다(코드 페이지 65001).
C:\Users\Administrator\Desktop\Alex\PacMan\PM061602.cpp(1,1): warning C4828: 파일에 0x17b4 오프셋에서 시작하는 문자가 포함되어 있습니다. 이 문자는 현재 원본 문자 집합에서 잘못된 문자입니다(코드 페이지 65001).
C:\Users\Administrator\Desktop\Alex\PacMan\PM061602.cpp(1,1): warning C4828: 파일에 0x1861 오프셋에서 시작하는 문자가 포함되어 있습니다. 이 문자는 현재 원본 문자 집합에서 잘못된 문자입니다(코드 페이지 65001).
C:\Users\Administrator\Desktop\Alex\PacMan\PM061602.cpp(1,1): warning C4828: 파일에 0x1862 오프셋에서 시작하는 문자가 포함되어 있습니다. 이 문자는 현재 원본 문자 집합에서 잘못된 문자입니다(코드 페이지 65001).
C:\Users\Administrator\Desktop\Alex\PacMan\PM061602.cpp(1,1): warning C4828: 파일에 0x1863 오프셋에서 시작하는 문자가 포함되어 있습니다. 이 문자는 현재 원본 문자 집합에서 잘못된 문자입니다(코드 페이지 65001).
C:\Users\Administrator\Desktop\Alex\PacMan\PM061602.cpp(1,1): warning C4828: 파일에 0x1866 오프셋에서 시작하는 문자가 포함되어 있습니다. 이 문자는 현재 원본 문자 집합에서 잘못된 문자입니다(코드 페이지 65001).
C:\Users\Administrator\Desktop\Alex\PacMan\PM061602.cpp(1,1): warning C4828: 파일에 0x1868 오프셋에서 시작하는 문자가 포함되어 있습니다. 이 문자는 현재 원본 문자 집합에서 잘못된 문자입니다(코드 페이지 65001).
C:\Users\Administrator\Desktop\Alex\PacMan\PM061602.cpp(1,1): warning C4828: 파일에 0x1869 오프셋에서 시작하는 문자가 포함되어 있습니다. 이 문자는 현재 원본 문자 집합에서 잘못된 문자입니다(코드 페이지 65001).
C:\Users\Administrator\Desktop\Alex\PacMan\PM061602.cpp(1,1): warning C4828: 파일에 0x186c 오프셋에서 시작하는 문자가 포함되어 있습니다. 이 문자는 현재 원본 문자 집합에서 잘못된 문자입니다(코드 페이지 65001).
C:\Users\Administrator\Desktop\Alex\PacMan\PM061602.cpp(1,1): warning C4828: 파일에 0x186d 오프셋에서 시작하는 문자가 포함되어 있습니다. 이 문자는 현재 원본 문자 집합에서 잘못된 문자입니다(코드 페이지 65001).
C:\Users\Administrator\Desktop\Alex\PacMan\PM061602.cpp(1,1): warning C4828: 파일에 0x186f 오프셋에서 시작하는 문자가 포함되어 있습니다. 이 문자는 현재 원본 문자 집합에서 잘못된 문자입니다(코드 페이지 65001).
C:\Users\Administrator\Desktop\Alex\PacMan\PM061602.cpp(1,1): warning C4828: 파일에 0x1870 오프셋에서 시작하는 문자가 포함되어 있습니다. 이 문자는 현재 원본 문자 집합에서 잘못된 문자입니다(코드 페이지 65001).
C:\Users\Administrator\Desktop\Alex\PacMan\PM061602.cpp(1,1): warning C4828: 파일에 0x1871 오프셋에서 시작하는 문자가 포함되어 있습니다. 이 문자는 현재 원본 문자 집합에서 잘못된 문자입니다(코드 페이지 65001).
C:\Users\Administrator\Desktop\Alex\PacMan\PM061602.cpp(1,1): warning C4828: 파일에 0x1872 오프셋에서 시작하는 문자가 포함되어 있습니다. 이 문자는 현재 원본 문자 집합에서 잘못된 문자입니다(코드 페이지 65001).
C:\Users\Administrator\Desktop\Alex\PacMan\PM061602.cpp(1,1): warning C4828: 파일에 0x1876 오프셋에서 시작하는 문자가 포함되어 있습니다. 이 문자는 현재 원본 문자 집합에서 잘못된 문자입니다(코드 페이지 65001).
C:\Users\Administrator\Desktop\Alex\PacMan\PM061602.cpp(1,1): warning C4828: 파일에 0x19ac 오프셋에서 시작하는 문자가 포함되어 있습니다. 이 문자는 현재 원본 문자 집합에서 잘못된 문자입니다(코드 페이지 65001).
C:\Users\Administrator\Desktop\Alex\PacMan\PM061602.cpp(1,1): warning C4828: 파일에 0x19ad 오프셋에서 시작하는 문자가 포함되어 있습니다. 이 문자는 현재 원본 문자 집합에서 잘못된 문자입니다(코드 페이지 65001).
C:\Users\Administrator\Desktop\Alex\PacMan\PM061602.cpp(1,1): warning C4828: 파일에 0x19ae 오프셋에서 시작하는 문자가 포함되어 있습니다. 이 문자는 현재 원본 문자 집합에서 잘못된 문자입니다(코드 페이지 65001).
C:\Users\Administrator\Desktop\Alex\PacMan\PM061602.cpp(1,1): warning C4828: 파일에 0x19af 오프셋에서 시작하는 문자가 포함되어 있습니다. 이 문자는 현재 원본 문자 집합에서 잘못된 문자입니다(코드 페이지 65001).
C:\Users\Administrator\Desktop\Alex\PacMan\PM061602.cpp(1,1): warning C4828: 파일에 0x19b1 오프셋에서 시작하는 문자가 포함되어 있습니다. 이 문자는 현재 원본 문자 집합에서 잘못된 문자입니다(코드 페이지 65001).
C:\Users\Administrator\Desktop\Alex\PacMan\PM061602.cpp(1,1): warning C4828: 파일에 0x19b2 오프셋에서 시작하는 문자가 포함되어 있습니다. 이 문자는 현재 원본 문자 집합에서 잘못된 문자입니다(코드 페이지 65001).
C:\Users\Administrator\Desktop\Alex\PacMan\PM061602.cpp(1,1): warning C4828: 파일에 0x19b6 오프셋에서 시작하는 문자가 포함되어 있습니다. 이 문자는 현재 원본 문자 집합에서 잘못된 문자입니다(코드 페이지 65001).
C:\Users\Administrator\Desktop\Alex\PacMan\PM061602.cpp(1,1): warning C4828: 파일에 0x19c2 오프셋에서 시작하는 문자가 포함되어 있습니다. 이 문자는 현재 원본 문자 집합에서 잘못된 문자입니다(코드 페이지 65001).
C:\Users\Administrator\Desktop\Alex\PacMan\PM061602.cpp(1,1): warning C4828: 파일에 0x19c3 오프셋에서 시작하는 문자가 포함되어 있습니다. 이 문자는 현재 원본 문자 집합에서 잘못된 문자입니다(코드 페이지 65001).
C:\Users\Administrator\Desktop\Alex\PacMan\PM061602.cpp(1,1): warning C4828: 파일에 0x19c5 오프셋에서 시작하는 문자가 포함되어 있습니다. 이 문자는 현재 원본 문자 집합에서 잘못된 문자입니다(코드 페이지 65001).
C:\Users\Administrator\Desktop\Alex\PacMan\PM061602.cpp(1,1): warning C4828: 파일에 0x1c4e 오프셋에서 시작하는 문자가 포함되어 있습니다. 이 문자는 현재 원본 문자 집합에서 잘못된 문자입니다(코드 페이지 65001).
C:\Users\Administrator\Desktop\Alex\PacMan\PM061602.cpp(1,1): warning C4828: 파일에 0x1c4f 오프셋에서 시작하는 문자가 포함되어 있습니다. 이 문자는 현재 원본 문자 집합에서 잘못된 문자입니다(코드 페이지 65001).
C:\Users\Administrator\Desktop\Alex\PacMan\PM061602.cpp(1,1): warning C4828: 파일에 0x1c53 오프셋에서 시작하는 문자가 포함되어 있습니다. 이 문자는 현재 원본 문자 집합에서 잘못된 문자입니다(코드 페이지 65001).
C:\Users\Administrator\Desktop\Alex\PacMan\PM061602.cpp(1,1): warning C4828: 파일에 0x1c54 오프셋에서 시작하는 문자가 포함되어 있습니다. 이 문자는 현재 원본 문자 집합에서 잘못된 문자입니다(코드 페이지 65001).
C:\Users\Administrator\Desktop\Alex\PacMan\PM061602.cpp(1,1): warning C4828: 파일에 0x1c55 오프셋에서 시작하는 문자가 포함되어 있습니다. 이 문자는 현재 원본 문자 집합에서 잘못된 문자입니다(코드 페이지 65001).
C:\Users\Administrator\Desktop\Alex\PacMan\PM061602.cpp(1,1): warning C4828: 파일에 0x1c56 오프셋에서 시작하는 문자가 포함되어 있습니다. 이 문자는 현재 원본 문자 집합에서 잘못된 문자입니다(코드 페이지 65001).
C:\Users\Administrator\Desktop\Alex\PacMan\PM061602.cpp(1,1): warning C4828: 파일에 0x1c58 오프셋에서 시작하는 문자가 포함되어 있습니다. 이 문자는 현재 원본 문자 집합에서 잘못된 문자입니다(코드 페이지 65001).
C:\Users\Administrator\Desktop\Alex\PacMan\PM061602.cpp(1,1): warning C4828: 파일에 0x1c5b 오프셋에서 시작하는 문자가 포함되어 있습니다. 이 문자는 현재 원본 문자 집합에서 잘못된 문자입니다(코드 페이지 65001).
C:\Users\Administrator\Desktop\Alex\PacMan\PM061602.cpp(1,1): warning C4828: 파일에 0x1c5d 오프셋에서 시작하는 문자가 포함되어 있습니다. 이 문자는 현재 원본 문자 집합에서 잘못된 문자입니다(코드 페이지 65001).
C:\Users\Administrator\Desktop\Alex\PacMan\PM061602.cpp(1,1): warning C4828: 파일에 0x1c5e 오프셋에서 시작하는 문자가 포함되어 있습니다. 이 문자는 현재 원본 문자 집합에서 잘못된 문자입니다(코드 페이지 65001).
C:\Users\Administrator\Desktop\Alex\PacMan\PM061602.cpp(1,1): warning C4828: 파일에 0x1c5f 오프셋에서 시작하는 문자가 포함되어 있습니다. 이 문자는 현재 원본 문자 집합에서 잘못된 문자입니다(코드 페이지 65001).
C:\Users\Administrator\Desktop\Alex\PacMan\PM061602.cpp(1,1): warning C4828: 파일에 0x1c60 오프셋에서 시작하는 문자가 포함되어 있습니다. 이 문자는 현재 원본 문자 집합에서 잘못된 문자입니다(코드 페이지 65001).
C:\Users\Administrator\Desktop\Alex\PacMan\PM061602.cpp(1,1): warning C4828: 파일에 0x1c61 오프셋에서 시작하는 문자가 포함되어 있습니다. 이 문자는 현재 원본 문자 집합에서 잘못된 문자입니다(코드 페이지 65001).
C:\Users\Administrator\Desktop\Alex\PacMan\PM061602.cpp(1,1): warning C4828: 파일에 0x1c62 오프셋에서 시작하는 문자가 포함되어 있습니다. 이 문자는 현재 원본 문자 집합에서 잘못된 문자입니다(코드 페이지 65001).
C:\Users\Administrator\Desktop\Alex\PacMan\PM061602.cpp(1,1): warning C4828: 파일에 0x1c64 오프셋에서 시작하는 문자가 포함되어 있습니다. 이 문자는 현재 원본 문자 집합에서 잘못된 문자입니다(코드 페이지 65001).
C:\Users\Administrator\Desktop\Alex\PacMan\PM061602.cpp(1,1): warning C4828: 파일에 0x1c65 오프셋에서 시작하는 문자가 포함되어 있습니다. 이 문자는 현재 원본 문자 집합에서 잘못된 문자입니다(코드 페이지 65001).
  코드를 생성하고 있습니다...
  PacMan.vcxproj -> C:\Users\Administrator\Desktop\Alex\x64\Debug\PacMan.exe
